session_id,participant_id,status,started_datetime,completed_date_time,time_taken,age,num_approvals,num_rejections,prolific_score,reviewed_at_datetime,entered_code,Country of Birth,Current Country of Residence,Current education level,Employment Status,First Language,Fluent languages,Nationality,Sex,Student Status,Vision
6054109b174cb01b90a23b4e,600b305aee4abe188b5befeb,APPROVED,46:55.7,02:57.2,961.569,21,36,0,100,38:10.4,2CF81554,Mexico,Mexico,Undergraduate degree (BA/BSc/other),Part-Time,Spanish,"English, German, Spanish",Mexico,Female,Yes,Yes
60541124f4051101f99e4969,5f03993af1a82a5c4988eabf,APPROVED,49:08.5,10:28.6,1280.028,22,121,2,99,38:11.6,2CF81554,Portugal,Portugal,Graduate degree (MA/MSc/MPhil/other),Due to start a new job within the next month,Portuguese,"Portuguese, English",Portugal,Male,Yes,Yes
6054112f82c2a1cc5a3951cb,5f3f0a2bbc64cf1fe881c7ba,APPROVED,49:19.0,00:07.5,648.49,25,95,2,98,38:38.9,2CF81554,Mexico,Mexico,DATA EXPIRED,Part-Time,Spanish,"Spanish, English",Mexico,Male,No,Yes
605411652fecc35c57575731,6042bb19d74c0a21d661b05b,APPROVED,51:17.6,10:53.4,1175.806,21,9,0,100,38:13.5,2CF81554,Mexico,Mexico,DATA EXPIRED,Part-Time,Spanish,"Spanish, English",Mexico,Male,Yes,Yes
605411dbec8e9ee14b7f0612,5b116fe5c85dc40001620e72,APPROVED,52:11.3,03:27.6,676.252,20,75,0,100,38:14.5,2CF81554,Poland,Poland,Undergraduate degree (BA/BSc/other),"Not in paid work (e.g. homemaker', 'retired or disabled)",Polish,"English, Polish",Poland,Male,Yes,Yes
605411f21c1c07aa86445881,5e18cc8f30626119a3998c31,APPROVED,52:34.7,22:32.0,1797.301,30,143,0,100,38:16.0,2CF81554,Mexico,Mexico,Doctorate degree (PhD/other),Full-Time,Spanish,"Spanish, English",Mexico,Female,Yes,Yes
6054127f3b2379a7e197c0eb,5e5dcd26d196fd0ebd020397,APPROVED,54:55.4,14:35.5,1180.164,24,58,4,92,38:17.3,2CF81554,Mexico,Mexico,Don't know / not applicable,Part-Time,Spanish,"English, Spanish",Mexico,Female,Yes,Yes
6054131f79b19ccc56578c58,5ed5d721f6bf7e174cc50171,APPROVED,57:35.7,19:31.9,1316.245,23,83,2,98,38:18.7,NOCODE,Chile,Chile,High school diploma/A-levels,Unemployed (and job seeking),Spanish,"Spanish, English",Chile,Male,Yes,Yes
6054134ef8080bc441e730c7,5ed46288de831141f3d277d4,APPROVED,58:26.6,59:26.1,59.588,21,46,0,100,38:19.9,NOCODE,Nepal,Canada,Undergraduate degree (BA/BSc/other),Unemployed (and job seeking),Nepali,"English, Hindi, Nepali",Canada,Female,Yes,Yes
6054136f061f66656784d5d4,5f41acfd173a7118b9456246,APPROVED,58:55.7,11:19.5,743.726,21,82,0,100,38:21.2,2CF81554,Lithuania,United States,DATA EXPIRED,DATA EXPIRED,Lithuanian,"Lithuanian, English",Lithuania,Female,Yes,Yes
60751429c1815e2498162e3f,60428a95b5547f179f1717f2,APPROVED,46:49.6,51:42.6,292.962,20,21,0,100,25:14.5,NOCODE,Portugal,Portugal,DATA EXPIRED,Other,Portuguese,"English, Portuguese, Spanish",Portugal,Female,Yes,Yes
607515e3a9524b78ade6b10b,5c87e1e9146e370019e06df8,APPROVED,54:11.2,57:15.5,184.251,21,45,1,99,25:16.3,NOCODE,Mexico,Mexico,DATA EXPIRED,DATA EXPIRED,Spanish,"English, Spanish",Mexico,Female,DATA EXPIRED,Yes
6075173b1e933d0720dd6954,5ef48ebd234db60612e99516,APPROVED,59:55.0,11:07.2,672.24,21,146,2,99,25:17.8,2CF81554,Portugal,Portugal,Undergraduate degree (BA/BSc/other),Other,Portuguese,"English, Portuguese",Portugal,Male,Yes,Yes
6075217f7a985683fa59d116,5b77869d338a9300015468cf,APPROVED,43:43.5,55:01.5,677.932,23,343,2,100,25:19.5,2CF81554,Chile,Chile,Graduate degree (MA/MSc/MPhil/other),Full-Time,Spanish,"English, Spanish",Chile,Female,Yes,Yes
6075224984b1d23e3b164709,5eff15e5d3dd7a0548a0ce69,APPROVED,47:05.8,01:57.8,892.016,19,205,0,100,25:21.7,2CF81554,Canada,Canada,Undergraduate degree (BA/BSc/other),"Not in paid work (e.g. homemaker', 'retired or disabled)",English,"Chinese, English",Canada,Female,Yes,Yes
60753032db02eaadc45f802a,5f79f34d5a697d0c18b4ade5,APPROVED,46:26.1,58:34.0,727.833,28,133,3,99,25:23.8,2CF81554,United Kingdom,United Kingdom,Undergraduate degree (BA/BSc/other),Full-Time,English,English,United Kingdom,Female,No,Yes
6075303ada08f09d5ddd8cf9,5f716649ac722b1895d5af52,APPROVED,46:34.3,52:02.2,327.905,26,6,0,100,25:24.9,NOCODE,Mexico,Mexico,Graduate degree (MA/MSc/MPhil/other),Full-Time,Spanish,"English, Spanish",Mexico,Female,Yes,Yes
607530c8de9aadfb8b7e9a57,5e8e51c592e3950e143306bc,APPROVED,48:56.2,56:30.0,453.867,22,122,2,99,25:26.2,NOCODE,Chile,Chile,Undergraduate degree (BA/BSc/other),Other,Spanish,"Spanish, English",Chile,Female,Yes,Yes
60753149fd504cf537dc44b4,5de25e3fce20cd28846a7d5b,APPROVED,51:05.9,05:01.2,835.248,48,438,2,100,25:27.9,2CF81554,United Kingdom,United Kingdom,DATA EXPIRED,DATA EXPIRED,English,English,United Kingdom,Male,DATA EXPIRED,Yes
607535d5c227a9d1dbfc09d1,601d97602ac2ab13eb2a5ce5,APPROVED,10:29.1,35:48.5,1519.42,32,65,0,100,25:30.3,2CF81554,Hungary,Hungary,Graduate degree (MA/MSc/MPhil/other),Other,Hungarian,"English, Hungarian",Hungary,Male,Yes,Yes
60753a1c974b756df1e8d2f4,5eaa8f8a5f89f10133febd67,APPROVED,28:44.4,39:31.8,647.444,26,150,2,100,25:31.4,2CF81554,Ukraine,Germany,Graduate degree (MA/MSc/MPhil/other),Full-Time,Ukrainian,"English, German, Russian, Ukrainian",Ukraine,Male,No,Yes
6075402cd59121b047a238d2,601798d339aa642e53560db4,APPROVED,54:36.1,08:42.4,846.241,22,33,0,100,25:33.6,2CF81554,Poland,Poland,Undergraduate degree (BA/BSc/other),Part-Time,Polish,"English, Polish, Russian, Ukrainian",Poland,Female,Yes,Yes
607540dfa0f059d1a84283b5,5ea052a7df17c20008dc9b9d,APPROVED,57:35.7,13:18.9,943.206,19,126,1,99,25:35.0,2CF81554,Poland,Poland,Undergraduate degree (BA/BSc/other),"Not in paid work (e.g. homemaker', 'retired or disabled)",Polish,"Polish, English",Poland,Male,Yes,Yes
607545b78279725844bf84f5,58b5ad651390460001ac6468,APPROVED,18:15.7,29:51.5,695.777,32,183,1,100,25:36.7,2CF81554,Denmark,Denmark,DATA EXPIRED,DATA EXPIRED,Danish,"English, Danish",Denmark,Female,Yes,Yes
607546028818d9b1472c05f9,5dcd3b43628c510167ac7d5a,APPROVED,19:30.0,28:23.6,533.598,23,57,0,100,25:38.6,NOCODE,Nigeria,United Kingdom,DATA EXPIRED,Full-Time,Afrikaans,English,Nigeria,Female,Yes,Yes
607546b5a7b05767df0495c2,5c3ec49fef1d0d0001b2adb9,APPROVED,22:29.5,36:37.4,847.955,24,51,0,100,25:39.9,2CF81554,Mexico,Mexico,Undergraduate degree (BA/BSc/other),Unemployed (and job seeking),Spanish,"English, Spanish",Mexico,Male,Yes,Yes
607546ec67db355d39511670,5f07b71224cc101db7a0adf9,APPROVED,23:24.4,39:18.5,954.134,21,116,0,100,25:41.3,2CF81554,South Africa,South Africa,Undergraduate degree (BA/BSc/other),Other,DATA EXPIRED,English,South Africa,Female,Yes,Yes
607548694312d98e6cbcbcbe,5fb59b9ecada2200082c0842,APPROVED,29:45.1,44:12.1,866.962,27,28,0,100,25:43.0,2CF81554,Israel,Israel,Undergraduate degree (BA/BSc/other),Full-Time,Hebrew,"Hebrew, English",Israel,Male,Yes,Yes
607548f71941d14a8e8e6f32,5eeb4c3bcf5da7254a215ec8,APPROVED,32:07.8,45:13.9,786.038,25,152,1,100,25:44.1,2CF81554,Italy,Italy,Graduate degree (MA/MSc/MPhil/other),Part-Time,Italian,"Italian, English",Italy,Female,Yes,Yes
607549720c99b90058dcb2b6,5f78d0924a15dc4ae89f757e,APPROVED,34:10.3,52:39.5,1109.132,23,21,0,100,25:45.9,2CF81554,Italy,Italy,Graduate degree (MA/MSc/MPhil/other),Other,Italian,"English, Italian",Italy,Female,Yes,Yes
60754b09cd0420b5ee4cc406,5bddfba7712eb800010d3a61,APPROVED,40:57.1,02:14.7,1277.575,51,199,5,96,25:47.0,2CF81554,Italy,United Kingdom,DATA EXPIRED,Full-Time,Italian,"Italian, English",Italy,Female,No,Yes
60754b8342e2ae56548d6823,5bc772a554b3bc0001a33bde,APPROVED,42:59.6,26:29.9,2610.277,27,413,3,99,25:49.0,NOCODE,Singapore,United Kingdom,Graduate degree (MA/MSc/MPhil/other),Full-Time,English,"English, French",United Kingdom,Male,Yes,Yes
60754bd699e762d64ed00ec6,602568254ef2f30ac8cb1866,APPROVED,44:22.3,56:08.4,706.123,23,47,0,100,25:51.1,2CF81554,Italy,Italy,Graduate degree (MA/MSc/MPhil/other),Unemployed (and job seeking),Italian,"English, Italian, Spanish, German",Italy,Female,Yes,Yes
60754c49e0058b1eff620cae,6002a71ab342be1fc2bec45d,APPROVED,46:17.2,50:11.6,234.331,22,40,0,100,25:52.4,NOCODE,Norway,Norway,Undergraduate degree (BA/BSc/other),Other,Norwegian,"English, Norwegian",Norway,Female,Yes,Yes
60754c4d6e27304961e6ae8a,5c824a1b2421a3000142e752,APPROVED,46:21.5,59:14.6,773.15,21,117,3,98,25:53.9,2CF81554,Portugal,Portugal,Undergraduate degree (BA/BSc/other),Part-Time,Portuguese,"English, Portuguese",Portugal,Male,Yes,Yes
60754df52fc0d8a5fe25a232,604a3c8ec261d2fa6ac242c3,APPROVED,53:25.1,00:21.1,415.962,19,41,1,100,25:55.8,NOCODE,Portugal,Portugal,Undergraduate degree (BA/BSc/other),Other,Portuguese,"Portuguese, English",Portugal,Male,Yes,Yes
60754e711c4d82b76dd794e4,5de3a02d1efe513ae51e531f,APPROVED,55:29.4,12:42.0,1032.595,25,311,1,100,25:57.1,2CF81554,United States,Greece,Doctorate degree (PhD/other),Other,English,"Greek, English",Greece,Male,Yes,Yes
60754e71ed451cc509cf6d79,5bfb245c26e31d0001048012,APPROVED,55:29.1,06:51.7,682.537,47,429,0,100,25:59.5,2CF81554,Hungary,United Kingdom,DATA EXPIRED,Unemployed (and job seeking),Hungarian,"Hungarian, English",Hungary,Female,No,Yes
60754e88ac1762a746890553,60338f7051fba702d74006df,APPROVED,55:52.9,06:00.4,607.505,25,70,1,100,26:01.7,2CF81554,Canada,United Kingdom,Graduate degree (MA/MSc/MPhil/other),Other,English,English,Canada,Female,Yes,Yes
60754ec5d2c8980f2bb808de,5f404a1174f003185c71c0ce,APPROVED,56:53.9,00:27.3,213.359,21,154,2,100,26:03.6,NOCODE,United Kingdom,United Kingdom,Undergraduate degree (BA/BSc/other),Unemployed (and job seeking),English,English,United Kingdom,Female,Yes,Yes
60754ed31c4d82b76dd794e7,5d876a392e4f4d0019522cda,APPROVED,57:07.3,09:50.9,763.512,21,25,0,100,26:05.0,2CF81554,Bosnia and Herzegovina,Netherlands,DATA EXPIRED,DATA EXPIRED,Serbian,"Croatian, German, English, Serbian",Serbia,Male,DATA EXPIRED,Yes
60755335e2427270f2d81c54,5f305d13ab238649772668b6,APPROVED,15:49.6,28:31.3,761.676,23,129,1,100,26:06.8,2CF81554,Poland,Poland,Graduate degree (MA/MSc/MPhil/other),Part-Time,Polish,"Polish, English",Poland,Female,Yes,Yes
607554b68e8a88163c9a978b,5c83f171fff8430001e997b4,APPROVED,22:14.8,31:16.0,541.209,20,251,2,99,26:08.3,NOCODE,Portugal,Portugal,Graduate degree (MA/MSc/MPhil/other),"Not in paid work (e.g. homemaker', 'retired or disabled)",Portuguese,"Basque, Catalan, English, French, Galician, German, Italian, Portuguese, Spanish",Portugal,Female,Yes,Yes
607554b9cb90e7b7b5912abb,5cf9316cd80e0b0019f490e7,APPROVED,22:17.5,33:31.0,673.547,23,192,1,100,26:10.3,2CF81554,Greece,Greece,Don't know / not applicable,Unemployed (and job seeking),Greek,"Greek, English",Greece,Female,No,Yes
60755589b7c258ce553fc8fe,5f0f036a14a4850371c98680,APPROVED,25:45.3,29:14.7,209.445,40,2,0,100,26:12.1,NOCODE,Poland,Poland,DATA EXPIRED,DATA EXPIRED,Polish,"English, Polish, Portuguese",Poland,Female,DATA EXPIRED,Yes
607556c825172fa734890a9a,6036ba8972a32e18d1ca716d,APPROVED,31:04.0,42:22.6,678.596,18,22,0,100,26:13.4,NOCODE,Greece,Greece,DATA EXPIRED,Other,Greek,English,Greece,Male,Yes,Yes
607556dc8752e7e411d6458d,5faf92156055b1232afd56b9,APPROVED,31:24.6,48:29.8,1025.195,21,103,0,100,26:14.6,2CF81554,Poland,Poland,Graduate degree (MA/MSc/MPhil/other),Unemployed (and job seeking),Polish,"Polish, English",Poland,Male,Yes,Yes
607556eebb998c5c7a114d5f,607379228f665727df69e7cb,APPROVED,31:42.9,37:59.7,376.764,20,8,0,100,26:16.1,NOCODE,Portugal,Portugal,Undergraduate degree (BA/BSc/other),Other,Portuguese,"English, Portuguese",Portugal,Male,Yes,Yes
60755728fe2569e62b87af5e,5c456c863526c80001fcf3ac,APPROVED,32:40.9,35:50.4,189.495,40,231,0,100,26:17.4,nocode,Slovenia,Slovenia,DATA EXPIRED,Full-Time,Slovenian,"Croatian, English, German, Serbian, Slovenian",Slovenia,Male,No,Yes
607557495aa750c7eedeba6b,5f65445477a895087bbfe933,APPROVED,33:15.2,42:07.5,532.322,19,66,2,98,26:19.3,NOCODE,Portugal,Portugal,Undergraduate degree (BA/BSc/other),DATA EXPIRED,Portuguese,"Portuguese, English",Portugal,Female,DATA EXPIRED,Yes
607557ba0a41fe471e6a95d6,5ed00081d382500b916d5879,APPROVED,40:16.9,52:59.4,762.499,28,110,0,100,26:20.7,2CF81554,Belgium,Belgium,Graduate degree (MA/MSc/MPhil/other),Other,French,"Dutch, English, French, Polish",Belgium,Female,Yes,Yes
607557f529cb5e468c03d53a,5eb29093ed6bf70008421bae,APPROVED,36:09.6,39:23.9,194.339,44,71,1,99,26:22.2,NOCODE,United Kingdom,United Kingdom,Graduate degree (MA/MSc/MPhil/other),Unemployed (and job seeking),English,English,United Kingdom,Female,Yes,Yes
607558acbbef5e970ab7c676,55f0147fb9401300137f472d,APPROVED,39:12.2,50:16.0,663.777,31,551,8,98,26:23.7,2CF81554,United Kingdom,United Kingdom,Undergraduate degree (BA/BSc/other),Full-Time,English,English,United Kingdom,Female,Yes,Yes
6075592d88571cb41de231f9,5da37d0751b87c00167d2b61,APPROVED,41:26.8,52:31.7,664.933,24,165,3,99,26:26.6,2CF81554,Brazil,Hungary,Undergraduate degree (BA/BSc/other),Part-Time,Portuguese,"English, Portuguese",Brazil,Female,Yes,Yes
60755b0025172fa734890ab7,5eaa8b46862ac70009c83e55,APPROVED,49:06.1,54:44.2,338.067,20,39,2,96,26:28.6,NOCODE,Mexico,Mexico,Undergraduate degree (BA/BSc/other),Unemployed (and job seeking),Spanish,"Spanish, English",Mexico,Female,Yes,Yes
60755ba66287c050ca7a0b8c,5f761b661dec7f06cb92819c,APPROVED,51:50.3,11:22.9,1172.575,22,23,0,100,26:29.8,2CF81554,Slovenia,Slovenia,Undergraduate degree (BA/BSc/other),Other,Slovenian,"Croatian, English, Slovenian, Serbian",Slovenia,Male,DATA EXPIRED,Yes
60755c2617e69b79811029c7,60338609455312026013834e,APPROVED,53:58.2,08:30.3,872.136,24,29,0,100,26:31.2,2CF81554,Poland,Poland,Graduate degree (MA/MSc/MPhil/other),Unemployed (and job seeking),Polish,"English, Danish, Polish",Poland,Female,Yes,Yes
60755d54a390dd686bfe5fca,5f346a556dec0537fb69eaca,APPROVED,59:00.8,10:49.0,708.154,21,100,1,100,26:32.6,2CF81554,Poland,Poland,Undergraduate degree (BA/BSc/other),Full-Time,Polish,"English, German, Polish",Poland,Female,Yes,Yes
60755dabf69fdac906abc0de,5ea1ac832ac60d0762c238a7,APPROVED,00:49.8,11:30.8,640.956,26,423,0,100,26:34.4,2CF81554,United Kingdom,United Kingdom,Graduate degree (MA/MSc/MPhil/other),Part-Time,English,English,United Kingdom,Female,Yes,Yes
60755ddaaf9eda52bb2859ff,5f8332b20ea88a489c36b41a,APPROVED,01:14.4,17:02.8,948.358,20,197,4,98,26:37.0,2CF81554,United Kingdom,United Kingdom,Undergraduate degree (BA/BSc/other),Unemployed (and job seeking),English,"English, French, German",United Kingdom,Male,Yes,Yes
60755f04e6439dadf852ff6a,5ae5db897edeb000014a85ee,APPROVED,06:12.7,21:38.6,925.953,21,277,3,100,26:38.7,2CF81554,Portugal,Portugal,Undergraduate degree (BA/BSc/other),"Not in paid work (e.g. homemaker', 'retired or disabled)",Portuguese,"Portuguese, English",Portugal,Female,Yes,Yes
607560a1676462dcfc85f072,5ef4992d2757bd0632b5caf7,APPROVED,13:11.4,25:19.4,727.958,23,150,0,100,26:40.8,NOCODE,Poland,Poland,Graduate degree (MA/MSc/MPhil/other),Full-Time,Polish,"English, German, Polish",Poland,Male,Yes,Yes
607560db570ff8abf066e3ba,5f1ebdf41b46b502fb61ea18,APPROVED,14:03.8,26:38.5,754.669,20,84,1,100,26:42.2,2CF81554,Romania,United Kingdom,Undergraduate degree (BA/BSc/other),Unemployed (and job seeking),Romanian,"Romanian, English",Romania,Female,Yes,Yes
607561003e8c11c24dff241a,604d0733919f70839ae9e1e7,APPROVED,16:06.0,27:10.4,664.437,21,106,1,100,26:43.7,2CF81554,United Kingdom,United Kingdom,Graduate degree (MA/MSc/MPhil/other),Other,English,English,United Kingdom,Female,Yes,Yes
607561935dd37f97286965b4,60732d7f3b309031712e96ab,APPROVED,18:43.3,29:00.5,617.261,20,42,0,100,26:45.0,2CF81554,United Kingdom,United Kingdom,Undergraduate degree (BA/BSc/other),Unemployed (and job seeking),English,English,United Kingdom,Female,Yes,Yes
6075619592520c357221b9b9,5ebe9fd288936421e004c080,APPROVED,17:15.4,27:34.1,618.657,19,173,1,100,26:46.2,2CF81554,Ireland,United Kingdom,Undergraduate degree (BA/BSc/other),Unemployed (and job seeking),English,English,United Kingdom,Female,Yes,Yes
607561f44e17cf5d71a0fd70,604de9eb31dfe44163b57d2d,APPROVED,18:44.5,25:45.6,421.048,31,32,1,100,26:48.0,NOCODE,Italy,Italy,DATA EXPIRED,Full-Time,Italian,"English, French, German, Italian, Spanish",Italy,Male,Yes,Yes
607561fb1a05c9ba8260da45,602f91e05f75b8c61613d179,APPROVED,20:32.6,28:43.9,491.275,22,63,1,100,26:49.1,NOCODE,Nigeria,United Kingdom,Graduate degree (MA/MSc/MPhil/other),Part-Time,English,English,Nigeria,Male,Yes,Yes
607561fce5068582fa23d6af,5dcc94b20feb419174ef9161,APPROVED,18:52.4,30:13.8,681.395,24,215,0,100,26:50.5,2CF81554,Portugal,Portugal,DATA EXPIRED,DATA EXPIRED,Portuguese,"English, Portuguese",Portugal,Female,Yes,Yes
6075624dc3ed4621d6a2ea17,5d9a125f1714540016a40a27,APPROVED,20:43.4,35:36.5,893.131,22,212,0,100,26:52.2,2CF81554,Portugal,Portugal,Graduate degree (MA/MSc/MPhil/other),Other,Portuguese,"English, Portuguese, Spanish",Portugal,Female,Yes,Yes
607562a8154f1dd1e0274aab,5ed911dc8e976d0ba07c3f17,APPROVED,21:44.6,33:15.5,690.894,20,109,0,100,26:54.0,2CF81554,Sweden,Sweden,Undergraduate degree (BA/BSc/other),Other,Swedish,"English, Swedish",Sweden,Female,Yes,Yes
6075633b31e23db9db334641,5e9ec5c73090e70009de98e7,APPROVED,24:11.4,36:59.4,768.024,25,232,0,100,26:55.4,2CF81554,Netherlands,Netherlands,Undergraduate degree (BA/BSc/other),Other,Dutch,"Dutch, English",Netherlands,Female,Yes,Yes
607563f5d8c44aad3e3959d9,5ed92f9ea4b0a90f5929cddb,APPROVED,28:04.8,38:50.0,645.241,23,223,0,100,26:57.3,2CF81554,United Kingdom,United Kingdom,Undergraduate degree (BA/BSc/other),"Not in paid work (e.g. homemaker', 'retired or disabled)",English,English,United Kingdom,Female,DATA EXPIRED,Yes
60756412e6439dadf852ff82,5eda126ec6a418029cb19e91,APPROVED,27:46.8,48:15.1,1228.258,28,178,2,100,26:59.2,2CF81554,Italy,Italy,Graduate degree (MA/MSc/MPhil/other),Other,Italian,"Italian, English",Italy,Male,Yes,Yes
607564b72e62f3e343113786,5d0a1744d910160018e39ef0,APPROVED,30:33.3,42:51.8,738.507,20,83,1,100,27:01.1,2CF81554,United Kingdom,United Kingdom,Undergraduate degree (BA/BSc/other),Part-Time,English,English,United Kingdom,Female,Yes,Yes
6075650d3acc16b08f02a7e0,5f454173b7fe9e0e53e90385,APPROVED,31:59.8,42:16.6,616.789,24,174,4,98,27:02.4,2CF81554,United Kingdom,United Kingdom,Undergraduate degree (BA/BSc/other),Unemployed (and job seeking),English,English,United Kingdom,Male,Yes,Yes
6075657f1ec87ed76bcbd1b5,5fba3df58d95c874a476e0d7,APPROVED,34:33.4,45:59.8,686.457,20,74,1,100,27:03.8,2CF81554,Poland,Poland,Undergraduate degree (BA/BSc/other),Other,Polish,"Polish, English",Poland,Male,Yes,Yes
6075659ad069541168eeceed,589b9d050da7f10001de7382,APPROVED,34:18.9,44:35.4,616.467,25,472,4,100,27:05.3,NOCODE,Portugal,Portugal,DATA EXPIRED,Due to start a new job within the next month,Portuguese,"English, Spanish, Portuguese",Portugal,Female,Yes,Yes
6075659f2cc37053da087587,5cdbccc61da1600019b00683,APPROVED,34:33.6,46:33.8,720.13,22,183,5,96,27:08.0,2CF81554,Portugal,Portugal,Undergraduate degree (BA/BSc/other),Full-Time,Portuguese,"Portuguese, English",Portugal,Male,DATA EXPIRED,Yes
607566dcb238ad1f9b6374d8,5ef83b6bdff5d45854c3ff79,APPROVED,39:40.6,53:55.6,854.992,18,100,0,100,27:09.5,2CF81554,Greece,Greece,Undergraduate degree (BA/BSc/other),Unemployed (and job seeking),Greek,"English, French, Greek",Greece,Male,Yes,Yes
607566ee84357e4404ebf965,5f4756db83588013e9e31bfc,APPROVED,49:45.6,07:51.1,1085.45,31,140,1,100,27:11.2,2CF81554,South Africa,South Africa,Graduate degree (MA/MSc/MPhil/other),Full-Time,Afrikaans,English,South Africa,Male,Yes,Yes
607566f9915d48683d1a10c8,603914a2ed55293204edf74e,APPROVED,40:57.9,57:21.1,983.129,21,39,1,100,27:12.5,2CF81554,Portugal,Portugal,Graduate degree (MA/MSc/MPhil/other),"Not in paid work (e.g. homemaker', 'retired or disabled)",Portuguese,"English, Portuguese, Spanish",Portugal,Male,Yes,Yes
607567070e0e9dc1ce18e53c,604274e8e191eb13c356fa52,APPROVED,40:25.4,44:17.2,231.839,18,21,4,89,27:13.6,NOCODE,Portugal,Portugal,DATA EXPIRED,Part-Time,Portuguese,"English, Portuguese, Spanish",Portugal,Female,Yes,Yes
6075670a77f9f6aeaeb975fc,5db325a56c8068000db18295,APPROVED,40:28.3,49:31.4,543.043,22,125,1,100,27:15.0,2CF81554,Malaysia,United Kingdom,Graduate degree (MA/MSc/MPhil/other),"Not in paid work (e.g. homemaker', 'retired or disabled)",Chinese,"English, Malay, Chinese",Malaysia,Male,Yes,Yes
60756728b7bfcdea41c92983,5eb44cdf73246729025dff9a,APPROVED,40:56.7,55:51.0,894.292,19,168,2,99,27:16.4,2CF81554,Portugal,Portugal,Undergraduate degree (BA/BSc/other),"Not in paid work (e.g. homemaker', 'retired or disabled)",Portuguese,"Portuguese, English, Spanish",Portugal,Male,Yes,Yes
607567306d0f706531641725,5e3f40e9696b3a1a1f15ced2,APPROVED,41:15.8,44:36.5,200.699,29,43,1,100,27:18.1,NOCODE,Italy,United Kingdom,Graduate degree (MA/MSc/MPhil/other),Unemployed (and job seeking),Italian,"English, French, Italian, Spanish",Italy,Female,Yes,Yes
60756733cd831af0c2e0d8cb,5ebaa88e5271270008af01d5,APPROVED,42:30.6,57:56.7,926.092,25,120,0,100,27:19.3,2CF81554,Poland,Poland,Graduate degree (MA/MSc/MPhil/other),Other,Polish,"Norwegian, English, Polish",Poland,Female,Yes,Yes
60756738e41617acf092dec5,5e7b1409f898741063f7a2f1,APPROVED,41:23.1,56:00.6,877.501,19,125,0,100,27:20.9,2CF81554,Poland,Poland,Undergraduate degree (BA/BSc/other),Unemployed (and job seeking),Polish,"English, German, Italian, Polish",Poland,Female,Yes,Yes
6075673d4e7da0209f3d8b9f,5c41e9263be7b70001fcf4ab,APPROVED,41:17.4,08:16.3,1618.876,43,502,1,100,27:22.5,2CF81554,Ireland,Ireland,Undergraduate degree (BA/BSc/other),Full-Time,English,English,Ireland,Male,Yes,Yes
60756740e9f0c1a8630a5baa,5ffdc8a498569434d22c4397,APPROVED,51:00.0,04:15.8,795.8,23,50,0,100,27:25.5,2CF81554,Portugal,Portugal,Graduate degree (MA/MSc/MPhil/other),Other,Portuguese,"English, Portuguese",Portugal,Female,Yes,Yes
60756740f43ea1f074a4f74f,601889ff31697615f0587336,APPROVED,41:20.9,54:05.9,764.923,20,55,1,98,27:26.6,2CF81554,Italy,Italy,Undergraduate degree (BA/BSc/other),Other,Italian,"Italian, English",Italy,Male,Yes,Yes
60756742cb7ed1a4cf24efda,5f4813ec5eada7176446d93f,APPROVED,41:22.2,35:58.2,248076.006,20,125,4,98,35:58.3,Manual Completion,Portugal,Portugal,Undergraduate degree (BA/BSc/other),Unemployed (and job seeking),Portuguese,"Portuguese, English, French",Portugal,Female,Yes,Yes
607567444d2648771cc45734,602817dacd39df10c2e84322,APPROVED,41:24.9,46:14.9,289.995,20,58,0,100,27:28.0,NOCODE,Portugal,Portugal,Undergraduate degree (BA/BSc/other),Full-Time,Portuguese,"English, Portuguese, Spanish",Portugal,Male,Yes,Yes
60756744732aa9402f4a6ba3,6045f3f5c87598759b5f7966,APPROVED,41:24.1,54:35.3,791.185,21,30,0,100,27:29.1,2CF81554,Netherlands,Netherlands,DATA EXPIRED,Part-Time,Dutch,"English, Dutch",Netherlands,Female,Yes,Yes
60756744acee82c54aad9a66,568aab53316b10000d50d76b,APPROVED,41:26.7,53:21.1,714.436,43,1025,31,95,27:30.3,2CF81554,United Kingdom,United Kingdom,Graduate degree (MA/MSc/MPhil/other),Full-Time,English,English,United Kingdom,Male,Yes,Yes
60756747e07526a2fa6f5025,6050c93c211c5250c5f61813,APPROVED,41:36.0,55:41.5,845.517,25,29,0,100,27:34.7,2CF81554,Portugal,Portugal,Graduate degree (MA/MSc/MPhil/other),Unemployed (and job seeking),Portuguese,"Portuguese, English",Portugal,Male,Yes,Yes
607567480e54b7890a61d570,5fdb2a32414cb63975e0d9c7,APPROVED,41:28.5,54:43.5,794.934,22,157,0,100,27:36.1,2CF81554,Netherlands,Netherlands,Graduate degree (MA/MSc/MPhil/other),"Not in paid work (e.g. homemaker', 'retired or disabled)",Dutch,"Dutch, English",Netherlands,Female,Yes,Yes
60756748823bbf69832c84c6,605086ad9245785a4d0aa306,APPROVED,43:07.3,53:57.8,650.532,23,27,0,100,27:37.6,2CF81554,Germany,Spain,DATA EXPIRED,"Not in paid work (e.g. homemaker', 'retired or disabled)",German,"Catalan, English, German, Spanish",Spain,Female,Yes,Yes
6075674da5cd6867a5df96ac,5ec59050ccf4bb5b03854377,APPROVED,49:39.5,15:13.0,1533.431,31,200,2,99,27:38.9,2CF81554,Italy,Italy,Undergraduate degree (BA/BSc/other),Full-Time,Italian,"English, Italian",Italy,Male,Yes,Yes
6075675248e3ed15172a07be,5f461c45bcd1f501e52e7e04,APPROVED,42:18.3,55:32.1,793.787,24,89,0,100,27:40.6,2CF81554,Italy,Italy,DATA EXPIRED,Unemployed (and job seeking),Italian,"Spanish, Italian, English",Italy,Female,No,Yes
607567545e3d3a928ded8e06,5e8e03539acb27066c117f7e,APPROVED,41:40.5,54:44.5,784.001,27,263,0,100,27:42.0,2CF81554,Italy,Italy,High school diploma/A-levels,Unemployed (and job seeking),Italian,"Italian, English",Italy,Male,Yes,Yes
607567548b7980744f7ebad5,6030fb16eccb81fa5e70a8f9,APPROVED,41:40.3,45:17.1,216.747,24,27,0,100,27:44.0,NOCODE,Poland,Poland,DATA EXPIRED,Unemployed (and job seeking),Polish,"English, Polish",Poland,Male,Yes,Yes
60756756f2cf7c121aafefbc,5b02be25c66dc6000197f3e1,APPROVED,41:49.7,48:29.1,399.397,43,621,7,99,27:45.1,NOCODE,United Kingdom,United Kingdom,DATA EXPIRED,Full-Time,English,English,United Kingdom,Male,No,Yes
6075675b1b7de97a911bf40f,6017d3a6c1146da27427ca87,APPROVED,41:47.9,52:55.9,668.033,19,58,1,100,27:48.2,2CF81554,Poland,Poland,Undergraduate degree (BA/BSc/other),Unemployed (and job seeking),Polish,"English, Polish",Poland,Female,Yes,Yes
6075675c2d21eae4043da50e,601bdcd3d8db935e8d968163,APPROVED,41:48.2,53:53.9,725.661,19,41,0,100,27:49.6,2CF81554,Iran,South Africa,Undergraduate degree (BA/BSc/other),Unemployed (and job seeking),Farsi,"Afrikaans, English, Farsi, French",Iran,Female,Yes,Yes
6075675c2ecbe3f20b179bac,5f62744d84c6fb19a14d688c,APPROVED,41:48.9,52:09.1,620.128,22,47,0,100,27:50.8,2CF81554,Portugal,Portugal,DATA EXPIRED,DATA EXPIRED,Portuguese,"English, Portuguese",Portugal,Male,DATA EXPIRED,Yes
6075675c877135ef31668f18,5fb45818d84de3123a4304f8,APPROVED,41:48.8,53:11.0,682.163,21,68,0,100,27:52.0,2CF81554,Greece,Greece,Undergraduate degree (BA/BSc/other),Other,Greek,"Greek, English",Greece,Male,Yes,Yes
6075675e2db5af0bfe338091,5f677b748c011837e12cba61,APPROVED,41:50.0,45:27.1,217.089,19,168,2,99,27:53.4,NOCODE,Poland,Poland,High school diploma/A-levels,Other,Polish,"Polish, English",Poland,Male,Yes,Yes
60756760000de58910b8e5a5,5c90e1f1f8b076001582f2f4,APPROVED,42:30.8,52:21.7,590.888,25,166,0,100,27:54.9,2CF81554,Greece,Greece,DATA EXPIRED,DATA EXPIRED,Greek,"Greek, English, German",Greece,Male,DATA EXPIRED,Yes
6075676279a34c6ed7c6d58c,5ba26780b1e8c5000121f9c9,APPROVED,41:54.2,55:27.0,812.738,22,187,0,100,27:56.8,2CF81554,United Kingdom,United Kingdom,Graduate degree (MA/MSc/MPhil/other),Other,English,English,United Kingdom,Male,Yes,Yes
60756762a931d2e21da9797e,5e7d3b58d638273c7f823c7b,APPROVED,41:54.7,53:05.3,670.549,19,186,0,100,27:58.2,2CF81554,United Kingdom,United Kingdom,Undergraduate degree (BA/BSc/other),Unemployed (and job seeking),English,English,United Kingdom,Male,Yes,Yes
607567638b7980744f7ebad6,601426dd52fa5e3963a926c8,APPROVED,41:55.3,54:55.0,779.653,19,50,1,100,28:00.1,2CF81554,Portugal,Portugal,Graduate degree (MA/MSc/MPhil/other),Part-Time,Portuguese,English,Portugal,Male,Yes,Yes
60756769819500c2fa41b96d,5f0e30151296d515c73e7b39,APPROVED,42:01.1,53:40.8,699.72,19,137,0,100,28:01.1,2CF81554,Ireland,Ireland,Undergraduate degree (BA/BSc/other),Other,English,English,Ireland,Male,Yes,Yes
6075676a98b740b6cb30f879,6000562003a21608e138c7c2,APPROVED,42:02.3,46:22.4,260.041,19,26,0,100,28:02.6,NOCODE,Mozambique,Portugal,DATA EXPIRED,Other,Portuguese,"English, Portuguese",Mozambique,Male,Yes,Yes
6075676ba91ccde572b0aaa8,5fc1433e61250115790546f3,APPROVED,42:03.2,55:56.0,832.851,22,77,0,100,28:04.0,2CF81554,Slovenia,Slovenia,Graduate degree (MA/MSc/MPhil/other),Due to start a new job within the next month,Slovenian,"Croatian, English, Slovenian",Slovenia,Male,Yes,Yes
6075676d393e09d48ac97724,5dc33fe8b8a4b025b7b20b62,APPROVED,42:37.2,00:18.7,1061.532,24,339,3,99,28:05.3,2CF81554,Netherlands,Netherlands,Graduate degree (MA/MSc/MPhil/other),Part-Time,Dutch,"Dutch, English",Netherlands,Female,Yes,Yes
607567778ce626936ed6f851,5fea245fcb429d1d08f7d1e0,APPROVED,42:17.9,58:06.9,948.984,22,66,2,99,28:07.5,NOCODE,Italy,Italy,High school diploma/A-levels,Unemployed (and job seeking),Italian,"English, Italian, Spanish",Italy,Female,Yes,Yes
60756779393e09d48ac97726,6026b62b5e97a5043ceea499,APPROVED,42:34.0,53:34.0,659.976,25,58,0,100,28:08.7,2CF81554,Malaysia,France,Graduate degree (MA/MSc/MPhil/other),Full-Time,Malay,"Malay, French, English",Malaysia,Male,Yes,Yes
607567820c1c42807e835cc6,5e9d97a472afd408a11b1e62,APPROVED,42:26.0,55:41.7,795.63,24,165,0,100,28:10.0,2CF81554,Italy,Italy,Graduate degree (MA/MSc/MPhil/other),Part-Time,Italian,"English, Italian",Italy,Female,Yes,Yes
607567873f2892a5b04a7a00,5e5f979a7593e92d04466456,APPROVED,42:31.9,46:42.2,250.263,39,188,3,99,28:11.6,NOCODE,Portugal,Portugal,Undergraduate degree (BA/BSc/other),Full-Time,Portuguese,"Portuguese, French, English",Portugal,Male,Yes,Yes
6075678ae07526a2fa6f5028,5ea6bed3221dd504658c85c7,APPROVED,42:34.2,58:48.5,974.324,21,137,2,97,28:13.2,2CF81554,Portugal,Portugal,Undergraduate degree (BA/BSc/other),"Not in paid work (e.g. homemaker', 'retired or disabled)",Portuguese,"Portuguese, English",Portugal,Female,Yes,Yes
6075678bee3556501a5a8735,5dd5105a82569a4c04723f7e,APPROVED,42:35.6,53:58.8,683.201,25,202,2,100,28:14.8,2CF81554,Greece,Greece,Undergraduate degree (BA/BSc/other),Unemployed (and job seeking),Greek,"English, Greek",Greece,Male,Yes,Yes
60756792ed3a6e3037deb74a,5f4ec38ebb2d631029d0af94,APPROVED,42:42.4,14:52.1,1929.727,20,123,0,100,28:16.6,2CF81554,Portugal,Portugal,Undergraduate degree (BA/BSc/other),Other,Portuguese,"Portuguese, English",Portugal,Female,Yes,Yes
60756794b6e3c48c8cc0d426,6033a37c5dedbf068d86edc5,APPROVED,43:54.3,56:00.5,726.247,22,49,0,100,28:18.1,2CF81554,Netherlands,Netherlands,Undergraduate degree (BA/BSc/other),Part-Time,Dutch,"Dutch, English",Netherlands,Male,Yes,Yes
607567960f9e1efe1cf03518,5f37f709b66267082f6f3992,APPROVED,42:49.4,15:57.1,1987.679,21,113,3,99,28:19.2,NOCODE,Portugal,Portugal,Undergraduate degree (BA/BSc/other),Other,Portuguese,"English, Portuguese, Spanish",Portugal,Female,Yes,Yes
607567970e09eeb144cc3403,59d65ad8e2762800015eb51b,APPROVED,45:31.8,10:43.5,1511.748,27,1303,2,100,28:20.9,2CF81554,United Kingdom,United Kingdom,Doctorate degree (PhD/other),Part-Time,English,English,United Kingdom,Female,Yes,Yes
6075679998d7736618a4cef5,5dfd52e3b63853a4125bd77d,APPROVED,42:49.4,55:29.4,759.982,22,245,1,100,28:26.1,2CF81554,Ukraine,Portugal,Undergraduate degree (BA/BSc/other),Unemployed (and job seeking),Ukrainian,"English, Portuguese, Russian, Spanish, Ukrainian",Portugal,Female,No,Yes
6075679c899e663696561060,5cac7cecdca0c30016ec7b3e,APPROVED,45:56.3,58:33.4,757.044,24,140,1,100,28:27.8,2CF81554,United Kingdom,United Kingdom,DATA EXPIRED,Part-Time,English,English,United Kingdom,Female,Yes,Yes
6075679d7b0a97ee00c9a6ad,5f11a4f1870c8b030c60b122,APPROVED,42:53.8,55:51.0,777.134,30,137,2,98,28:29.4,2CF81554,Spain,Spain,DATA EXPIRED,DATA EXPIRED,Spanish,"English, Spanish",Spain,Male,DATA EXPIRED,Yes
6075679ea3201a9a42f5e588,5ec806f532fe7d2afa2e315b,APPROVED,43:15.4,00:10.6,1015.149,22,122,2,100,28:30.7,2CF81554,Italy,Italy,High school diploma/A-levels,Unemployed (and job seeking),Italian,"English, Italian",Italy,Female,Yes,Yes
607567a1d555d952d606ada2,60087ee3ef93c74cc4c15735,APPROVED,42:57.2,56:17.5,800.238,23,43,2,98,28:32.1,2CF81554,Italy,Italy,Graduate degree (MA/MSc/MPhil/other),Unemployed (and job seeking),Italian,"English, Italian",Italy,Female,Yes,Yes
607567a43f2892a5b04a7a01,5ecb0bb39b4189656f60872b,APPROVED,43:03.6,54:41.5,697.877,21,827,1,100,28:33.4,2CF81554,United States,United States,Undergraduate degree (BA/BSc/other),Part-Time,English,English,United States,Female,Yes,Yes
607567a6a2f85d163560fc96,602832bc556222342a07b455,APPROVED,43:03.5,15:05.1,1921.592,19,131,0,100,28:36.4,2CF81554,Portugal,Portugal,Graduate degree (MA/MSc/MPhil/other),Other,Portuguese,"Portuguese, English",Portugal,Male,Yes,Yes
607567a7faedbce7edd52997,5e97018fc5a84918ec899112,APPROVED,43:03.5,54:49.7,706.264,25,100,2,98,28:38.0,2CF81554,Spain,Spain,Graduate degree (MA/MSc/MPhil/other),Part-Time,Spanish,"English, Spanish",Spain,Female,Yes,Yes
607567afb9f02c1c1296f9c7,60075468763f8022cd8313ef,APPROVED,43:25.9,54:22.0,656.092,22,132,3,99,28:39.3,2CF81554,United Kingdom,United Kingdom,Undergraduate degree (BA/BSc/other),Part-Time,English,English,United Kingdom,Female,Yes,Yes
607567b080c871295aff6866,5fb55cafbee6990344bf98f5,APPROVED,43:12.0,55:19.5,727.566,25,90,1,100,28:40.9,2CF81554,Greece,Greece,Graduate degree (MA/MSc/MPhil/other),Full-Time,Greek,"Greek, English, French",Greece,Female,Yes,Yes
607567b1336418576b94323f,60476abe1e9b3823e4b126d3,APPROVED,43:46.8,56:41.5,774.647,21,45,0,100,28:42.2,2CF81554,Finland,Finland,Graduate degree (MA/MSc/MPhil/other),Other,Swedish,"Finnish, Norwegian, Swedish, English",Finland,Male,Yes,Yes
607567b52f0a4dcf10e4227b,5ee9547329adca1d9c5b2720,APPROVED,43:18.7,58:27.6,908.939,24,137,4,98,28:43.6,2CF81554,Italy,Italy,DATA EXPIRED,Full-Time,Italian,"English, Italian",Italy,Female,DATA EXPIRED,Yes
607567bbeb23e0c0924112dd,5f2db499c955540cf20065d9,APPROVED,43:23.2,04:46.9,1283.7,20,107,0,100,28:45.1,2CF81554,Spain,Spain,Undergraduate degree (BA/BSc/other),Unemployed (and job seeking),Spanish,"English, Spanish",Spain,Male,Yes,Yes
607567be0af983ce36746275,5fc105d14718bb07ef776233,APPROVED,43:28.1,55:08.8,700.65,19,164,0,100,28:46.4,2CF81554,United Kingdom,United Kingdom,Undergraduate degree (BA/BSc/other),Part-Time,English,English,United Kingdom,Female,Yes,Yes
607567bf17bfa8b6fff96dd5,5f900c48e6dadf0401d0c6e2,APPROVED,43:27.7,04:25.2,1257.504,22,119,0,100,28:48.0,2CF81554,Poland,Ireland,Undergraduate degree (BA/BSc/other),Other,Polish,"Polish, English",Poland,Male,Yes,Yes
607567c01f62f73e6de039c4,5f48cec1d9745802d7ab1e1b,APPROVED,44:13.8,54:59.3,645.508,24,126,0,100,28:49.3,2CF81554,Italy,Italy,Graduate degree (MA/MSc/MPhil/other),Other,Italian,"English, Italian",Italy,Male,Yes,Yes
607567c56aa0f9b0de5c0d33,5f1e160aaaffd77af020ad14,APPROVED,43:33.2,55:24.7,711.47,23,123,0,100,28:50.9,2CF81554,Poland,Poland,DATA EXPIRED,Part-Time,Polish,"Polish, Spanish, Italian, German, English",Poland,Male,Yes,Yes
607567ca2f0a4dcf10e4227d,5fc637de1fb5ab218ee15c39,APPROVED,43:41.7,47:14.2,212.542,25,127,0,100,28:52.3,NOCODE,Singapore,United Kingdom,Undergraduate degree (BA/BSc/other),DATA EXPIRED,English,English,Singapore,Female,DATA EXPIRED,Yes
607567cee6f0e56fdb880587,5a0faf7a120fb3000194961d,APPROVED,43:42.1,15:03.9,1881.795,25,291,0,100,28:53.9,2CF81554,Greece,Greece,DATA EXPIRED,DATA EXPIRED,Greek,"English, Greek",Greece,Male,DATA EXPIRED,Yes
607567d0053d1fcfb9673d2e,5b3d32794915d00001827df7,APPROVED,47:06.6,59:11.3,724.717,21,294,1,100,28:55.9,2CF81554,Poland,Poland,DATA EXPIRED,DATA EXPIRED,Polish,English,Poland,Male,Yes,Yes
607567d8db28fe3749cfe72e,5f12f6ba7dc2bb2924af6d56,APPROVED,43:52.4,07:22.9,1410.519,25,167,1,100,28:58.0,2CF81554,New Zealand,New Zealand,Undergraduate degree (BA/BSc/other),DATA EXPIRED,English,English,New Zealand,Male,Yes,Yes
607567daa01295b14d4fbc70,5f463b6fff834e000b9d679c,APPROVED,43:54.6,54:10.5,615.929,28,131,1,100,28:59.4,2CF81554,Portugal,Portugal,Graduate degree (MA/MSc/MPhil/other),Unemployed (and job seeking),Portuguese,"English, French, Portuguese, Spanish",Portugal,Female,Yes,Yes
607567dcb28785ec2fc7dba1,5f174b51034f640a7923ee71,APPROVED,43:56.6,01:12.6,1035.992,29,118,1,99,29:01.2,2CF81554,France,France,DATA EXPIRED,DATA EXPIRED,French,"English, French",France,Male,Yes,Yes
607567e3b6e51bb507df3fd7,5eb14f05f30ede03a6ed7d27,APPROVED,44:28.1,58:27.6,839.5,22,123,1,100,29:02.4,2CF81554,Greece,Greece,Graduate degree (MA/MSc/MPhil/other),Full-Time,Greek,"Armenian, Greek, Russian, Spanish, English",Armenia,Female,Yes,Yes
607567e40e54b7890a61d572,5e8faad045be1b2acc57d215,APPROVED,44:04.7,02:32.9,1108.141,20,175,1,100,29:04.1,2CF81554,Poland,Poland,Undergraduate degree (BA/BSc/other),DATA EXPIRED,Polish,"English, Polish",Poland,Male,Yes,Yes
607567ec4e7da0209f3d8bb0,5d5575339025920017fd271f,APPROVED,44:12.0,58:43.2,871.163,20,292,3,100,29:05.8,2CF81554,Portugal,Portugal,Undergraduate degree (BA/BSc/other),"Not in paid work (e.g. homemaker', 'retired or disabled)",Portuguese,"English, Portuguese",Portugal,Male,Yes,Yes
607567f8647322515d97dd76,5f578563765fec223eb51594,APPROVED,44:24.7,59:18.8,894.101,26,112,2,100,29:07.8,2CF81554,Spain,Spain,DATA EXPIRED,Unemployed (and job seeking),Spanish,"Catalan, English, Spanish",Spain,Male,No,Yes
607567fc99f15f3259e9bea2,5ea95d2aafce3f042fe846b9,APPROVED,44:28.0,54:55.2,627.203,22,174,0,100,29:09.3,2CF81554,United Kingdom,United Kingdom,Undergraduate degree (BA/BSc/other),Part-Time,English,English,United Kingdom,Female,Yes,Yes
607568033d8f347604e9a453,5ef212414a410701dbc72427,APPROVED,45:53.1,05:17.9,1164.803,25,119,0,100,29:10.9,2CF81554,Italy,Italy,Graduate degree (MA/MSc/MPhil/other),Other,Italian,"Italian, English, Spanish",Italy,Female,Yes,Yes
607568071912473e2224feba,5ea944c287b415000ce42862,APPROVED,44:39.4,56:46.1,726.649,46,323,0,100,29:12.4,2CF81554,Spain,Spain,Doctorate degree (PhD/other),Full-Time,English,"Spanish, English, French",Spain,Male,Yes,Yes
60756810cb7ed1a4cf24efe1,5f4a1ad20dda1f01b9d31513,APPROVED,44:48.4,56:19.5,691.085,25,103,0,100,29:14.1,2CF81554,Poland,Poland,Graduate degree (MA/MSc/MPhil/other),Part-Time,Polish,"English, German, Polish, Italian",Poland,Female,Yes,Yes
60756812e51d1883d2eb03ae,5fc8fb4248ac3a31edbc450d,APPROVED,45:27.1,55:44.0,616.923,22,109,0,100,29:15.6,2CF81554,United Kingdom,United Kingdom,Undergraduate degree (BA/BSc/other),Unemployed (and job seeking),English,English,United Kingdom,Female,Yes,Yes
6075681570b405461506edc2,5fb4f3448892dc2e1fe5a2f8,APPROVED,44:53.3,54:36.6,583.247,21,215,0,100,29:16.9,2CF81554,United Kingdom,United Kingdom,Undergraduate degree (BA/BSc/other),Other,English,"English, Chinese",United Kingdom,Female,Yes,Yes
607568187aaf58982bf5868c,5ec94a815bb88d445fa6bf50,APPROVED,44:56.2,56:19.2,682.929,20,119,2,99,29:18.4,2CF81554,Portugal,Portugal,Undergraduate degree (BA/BSc/other),Other,Portuguese,"English, Portuguese",Portugal,Female,Yes,Yes
6075681c4545876e80f529d0,5feb6c7bb289af7474291a40,APPROVED,48:50.2,02:43.2,833.006,27,150,0,100,29:20.0,2CF81554,Spain,Spain,Graduate degree (MA/MSc/MPhil/other),Full-Time,Spanish,"Basque, English, Galician, Spanish",Spain,Female,Yes,Yes
6075681f915f42dd73844b7d,6001c12e7734930342edad15,APPROVED,45:08.0,49:22.7,254.635,23,65,3,97,29:21.3,NOCODE,Poland,Poland,High school diploma/A-levels,Part-Time,Polish,"English, Polish",Poland,Female,Yes,Yes
60756820b69f75c9be693624,5c5f33a97ba8710001f5e24d,APPROVED,45:04.1,07:29.0,1344.941,22,263,1,100,29:22.7,2CF81554,Poland,Poland,Don't know / not applicable,Part-Time,Polish,"Polish, English",Poland,Male,Yes,Yes
607568272ecbe3f20b179bb2,5fc0e1885c65d1016d1df655,APPROVED,46:26.8,50:40.9,254.136,22,59,2,98,29:24.5,NOCODE,Poland,Poland,Undergraduate degree (BA/BSc/other),Unemployed (and job seeking),Polish,"Polish, Russian, English",Poland,Female,Yes,Yes
6075682948e3ed15172a07d3,5f96faa0195d0903ae20c5fc,APPROVED,45:26.2,57:28.0,721.805,22,83,0,100,29:25.9,2CF81554,Portugal,Portugal,Graduate degree (MA/MSc/MPhil/other),Other,Portuguese,"Portuguese, Spanish, English",Portugal,Female,Yes,Yes
60756834faedbce7edd529a0,5ecd4ad53f44fd094d7865d4,APPROVED,48:51.2,59:41.1,649.886,25,155,0,100,29:27.3,2CF81554,China,Spain,Undergraduate degree (BA/BSc/other),Unemployed (and job seeking),Spanish,"English, Spanish",Spain,Female,Yes,Yes
607568361f62f73e6de039cd,5e8071327ef97e73b9720b28,APPROVED,45:47.3,01:23.6,936.316,27,46,0,100,29:28.8,2CF81554,Slovenia,Slovenia,Undergraduate degree (BA/BSc/other),Full-Time,Slovenian,"Croatian, English, Slovenian",Slovenia,Male,Yes,Yes
60756837cae1cd62c3f04c21,601bcb2af530395b71571b1d,APPROVED,45:27.2,49:45.7,258.433,19,56,0,100,29:30.3,NOCODE,Hungary,Hungary,Undergraduate degree (BA/BSc/other),Other,Hungarian,"English, Hungarian",Hungary,Male,Yes,Yes
60756838fc8ebf09b5453dba,5f21a031b4127d0d141bf454,APPROVED,45:41.4,01:11.6,930.229,24,110,0,100,29:31.5,NOCODE,Poland,Poland,Graduate degree (MA/MSc/MPhil/other),Part-Time,Polish,"English, Polish, French",Poland,Female,Yes,Yes
6075683a9d1b6406b793572b,5e569bf08506630452c77051,APPROVED,45:30.1,48:29.1,178.948,24,158,2,100,29:32.7,NOCODE,Spain,Spain,Graduate degree (MA/MSc/MPhil/other),Due to start a new job within the next month,Spanish,"Catalan, English, Spanish",Spain,Male,Yes,Yes
6075683f2293fa42b8a2e593,6048e2f185b7e35621d30427,APPROVED,45:35.6,58:30.9,775.286,22,35,1,99,29:34.4,2CF81554,Portugal,Portugal,Graduate degree (MA/MSc/MPhil/other),Other,Portuguese,"English, Portuguese",Portugal,Male,Yes,Yes
60756840942ee5fc25c2a294,5dd43527794e1041e44fde8e,APPROVED,46:03.1,52:57.8,414.722,26,117,2,99,29:35.6,NOCODE,Poland,Poland,DATA EXPIRED,Full-Time,Polish,"Polish, English",Poland,Female,No,Yes
607568425d54eb3d8f30e739,5f70da0041a7cb0e0bb15d0e,APPROVED,45:46.2,49:36.5,230.293,31,36,0,100,29:37.3,NOCODE,Argentina,Germany,DATA EXPIRED,Full-Time,Spanish,"English, Italian, Spanish",Italy,Male,No,Yes
6075684bb0a159139f05f8a4,601c97070f9e0680d66ed0dc,APPROVED,45:47.4,56:59.2,671.821,19,57,0,100,29:38.5,2CF81554,Portugal,Portugal,Undergraduate degree (BA/BSc/other),Other,Portuguese,"Portuguese, English",Portugal,Male,Yes,Yes
6075684d8b7980744f7ebadc,5f808f2a2c770e0cd61f624f,APPROVED,45:49.3,58:03.3,734.009,19,114,0,100,29:39.6,2CF81554,Spain,Spain,Graduate degree (MA/MSc/MPhil/other),Other,Spanish,"Spanish, English",Spain,Female,Yes,Yes
60756855fca5a2712f83ec9d,5c1bfe962c45d40001470dd2,APPROVED,48:33.1,04:33.9,960.832,21,275,2,99,29:41.1,2CF81554,Russian Federation,DATA EXPIRED,Undergraduate degree (BA/BSc/other),Other,Russian,"English, German, Russian",Russian Federation,Female,Yes,Yes
607568582b531905cadccf9b,602e371262da62935c4753a5,APPROVED,47:10.8,55:16.8,486.03,31,75,1,100,29:42.8,NOCODE,United Kingdom,United Kingdom,DATA EXPIRED,Due to start a new job within the next month,English,English,United Kingdom,Male,Yes,Yes
6075685ad9494152e5d6e24e,5f4ea48e343f530cbee14cdc,APPROVED,46:02.5,48:34.9,152.378,24,139,0,100,29:44.3,NOCODE,Italy,Netherlands,Graduate degree (MA/MSc/MPhil/other),Full-Time,Italian,"English, Italian",Italy,Male,Yes,Yes
6075685c732aa9402f4a6ba9,603575000ae69f0358b9b505,APPROVED,46:40.8,59:54.9,794.114,20,31,0,100,29:45.7,2CF81554,Hungary,Hungary,Undergraduate degree (BA/BSc/other),Part-Time,Hungarian,"English, Hungarian",Hungary,Male,Yes,Yes
6075685f063c13ef9b2ec619,5f29b5074201cc12165ceb76,APPROVED,46:07.7,56:13.5,605.865,23,76,0,100,29:47.0,2CF81554,Greece,Greece,Graduate degree (MA/MSc/MPhil/other),Other,Greek,"English, French, German, Greek",Greece,Female,Yes,Yes
60756865d555d952d606adb4,5c2e818561f049000169d2d5,APPROVED,46:13.4,57:21.7,668.31,21,232,4,99,29:48.2,2CF81554,Poland,Poland,Undergraduate degree (BA/BSc/other),Unemployed (and job seeking),Polish,"Polish, English",Poland,Male,Yes,Yes
6075686ca2f85d163560fc9d,5ecc010e39bc6d0be9636e45,APPROVED,46:20.2,08:34.5,1334.307,24,106,1,99,29:49.9,2CF81554,Portugal,Portugal,Graduate degree (MA/MSc/MPhil/other),Other,Portuguese,"English, Portuguese",Portugal,Male,Yes,Yes
6075686fe3e5bac32b04185b,5df7a5766887bc54aa8078a9,APPROVED,48:48.7,02:54.0,845.243,20,87,0,100,29:51.4,2CF81554,Greece,Greece,DATA EXPIRED,DATA EXPIRED,Greek,"Greek, English",Greece,Female,DATA EXPIRED,Yes
6075687b7e63121bbe59402b,5f40c670f10f171ff50afe48,APPROVED,47:13.1,58:06.5,653.399,27,251,0,100,29:52.6,2CF81554,United Kingdom,United Kingdom,DATA EXPIRED,Full-Time,English,English,United Kingdom,Female,No,Yes
6075687d664496926f2f2e4c,5c44971a66ac560001afd722,APPROVED,46:40.3,00:09.9,809.58,20,122,0,100,29:54.2,2CF81554,Estonia,Estonia,Undergraduate degree (BA/BSc/other),Part-Time,Estonian,"English, Russian, Estonian",Estonia,Male,Yes,Yes
60756880553839e105fb6b04,5fdf55fa0f157d77cee554ef,APPROVED,46:40.1,58:07.1,687.048,24,46,0,100,29:55.8,2CF81554,Portugal,Portugal,Graduate degree (MA/MSc/MPhil/other),Due to start a new job within the next month,Portuguese,"English, Portuguese",Portugal,Male,Yes,Yes
60756884e49502eb24f69435,5f8a565874d414118b763b93,APPROVED,46:44.5,50:43.5,238.979,19,80,1,100,29:56.9,NOCODE,Spain,Spain,Undergraduate degree (BA/BSc/other),"Not in paid work (e.g. homemaker', 'retired or disabled)",Basque,"Basque, Spanish, English, Catalan",Spain,Male,Yes,Yes
607568852e424fbb263fd5cc,5eab0df319a24d0af1de72dd,APPROVED,47:11.7,59:50.7,759.013,20,155,1,100,29:58.4,2CF81554,Greece,Greece,Undergraduate degree (BA/BSc/other),Other,Greek,"Greek, English",Greece,Female,Yes,Yes
6075688848e3ed15172a07d9,5f6b70731bd72e064edba534,APPROVED,46:48.5,02:14.7,926.188,22,92,0,100,29:59.9,2CF81554,Portugal,Portugal,Graduate degree (MA/MSc/MPhil/other),Other,Portuguese,"Portuguese, English",Portugal,Male,Yes,Yes
6075688a61c67bb3edd0e7c4,5e5ff826f53d41066be54c2e,APPROVED,46:52.4,59:46.4,773.961,19,118,3,97,30:01.5,2CF81554,Portugal,Portugal,Undergraduate degree (BA/BSc/other),Other,Portuguese,"English, Portuguese",Portugal,Female,Yes,Yes
6075688c5a3fe456b1ddc50e,5ebbf07bf4722202325ceec1,APPROVED,46:52.2,59:18.3,746.145,25,136,0,100,30:02.8,2CF81554,Italy,Italy,DATA EXPIRED,DATA EXPIRED,Italian,"English, Italian",Italy,Male,DATA EXPIRED,Yes
6075688d3b2eb50dc49a09a6,602c11c29029ff46f065703d,APPROVED,47:14.4,01:54.5,880.102,21,56,1,100,30:04.3,2CF81554,Portugal,Portugal,Graduate degree (MA/MSc/MPhil/other),Other,Portuguese,"English, Portuguese",Portugal,Male,Yes,Yes
6075688d79a34c6ed7c6d594,6047a0b8e8f97403daf6f0c6,APPROVED,46:53.2,00:44.2,831.019,19,39,2,97,30:05.7,2CF81554,Israel,Netherlands,Undergraduate degree (BA/BSc/other),Part-Time,Hebrew,"French, English",France,Male,Yes,Yes
607568939f41b02a495222d0,5f569ff3600aba0f8ed13275,APPROVED,47:01.3,51:11.6,250.243,19,92,1,100,30:06.9,NOCODE,Portugal,Portugal,Undergraduate degree (BA/BSc/other),Other,Portuguese,"Portuguese, English",Portugal,Male,Yes,Yes
60756897c54c682f7d4e9930,5db9870052e7df000a11af99,APPROVED,47:24.2,00:27.5,783.38,21,118,1,100,30:08.3,2CF81554,United Kingdom,Netherlands,DATA EXPIRED,DATA EXPIRED,DATA EXPIRED,English,Netherlands,Male,DATA EXPIRED,Yes
60756899b0a159139f05f8ab,5ef4e37f7c0ee210679c7aad,APPROVED,47:05.7,59:45.1,759.353,22,91,2,98,30:10.0,2CF81554,South Africa,South Africa,DATA EXPIRED,Full-Time,DATA EXPIRED,English,South Africa,Female,No,Yes
6075689b82e1b48aca8b94b4,5ff5c0c156bc4305cb3fabef,APPROVED,47:07.1,01:10.0,842.865,22,104,1,100,30:11.3,2CF81554,Netherlands,Netherlands,Graduate degree (MA/MSc/MPhil/other),Part-Time,Dutch,"Dutch, English",Netherlands,Male,Yes,Yes
6075689df23fe26ff7b5d1ec,602b158acd385424c2589683,APPROVED,47:09.6,00:55.4,825.758,19,62,0,100,30:12.8,2CF81554,Lithuania,United Kingdom,Undergraduate degree (BA/BSc/other),Unemployed (and job seeking),Lithuanian,"English, Lithuanian, Russian",Lithuania,Female,Yes,Yes
607568a9431d3a0179df02c4,5e569011c0486f03a51801b5,APPROVED,47:21.2,00:41.0,799.73,20,155,0,100,30:14.1,2CF81554,Poland,Poland,Undergraduate degree (BA/BSc/other),Other,Polish,"English, Polish",Poland,Male,Yes,Yes
607568a9e6c4d693be3aaf7a,5f9ad624f770af2449d765c9,APPROVED,47:53.6,59:49.2,715.674,24,78,1,100,30:15.6,2CF81554,Turkey,Netherlands,Graduate degree (MA/MSc/MPhil/other),Part-Time,Turkish,"Turkish, English",Turkey,Female,Yes,Yes
607568afc0f4ff43c3cec530,5f6b4ecce927cb01d6e33781,APPROVED,47:27.8,58:37.1,669.35,21,86,0,100,30:17.1,2CF81554,Portugal,Portugal,Graduate degree (MA/MSc/MPhil/other),Part-Time,Portuguese,"English, Portuguese, Spanish",Portugal,Male,Yes,Yes
607568b1aad0579fa7c50745,5dc3485219ca0326027ce91f,APPROVED,47:29.2,01:50.5,861.352,24,362,1,100,30:18.6,2CF81554,Italy,Italy,Undergraduate degree (BA/BSc/other),Unemployed (and job seeking),Italian,"English, Italian",Italy,Female,Yes,Yes
607568b395b20c3eed6f9f11,5dc97b86f375a969573c2c7a,APPROVED,48:06.9,02:36.4,869.456,21,219,3,99,30:20.8,2CF81554,United Kingdom,Germany,Undergraduate degree (BA/BSc/other),Full-Time,English,English,United Kingdom,Male,DATA EXPIRED,Yes
607568bf69bc8ab3f743311b,5ed7c79a7676d20ada139ad6,APPROVED,47:43.9,10:20.4,1356.552,21,146,0,100,30:22.6,2CF81554,United States,Portugal,Undergraduate degree (BA/BSc/other),Other,Portuguese,"English, Portuguese",Portugal,Male,Yes,Yes
607568c0dc06cd15b76eb062,5fd37f11e79d5107b4cfe4f8,APPROVED,48:25.1,59:22.1,656.976,21,113,1,100,30:24.2,2CF81554,Malaysia,United Kingdom,Undergraduate degree (BA/BSc/other),DATA EXPIRED,Malay,"English, Malay",Malaysia,Female,DATA EXPIRED,Yes
607568c12565148a805a0c3f,5f025118d6b59d0f9668576b,APPROVED,47:45.9,59:59.1,733.235,20,163,1,100,30:25.8,2CF81554,Latvia,Latvia,Undergraduate degree (BA/BSc/other),Unemployed (and job seeking),Latvian,"English, Latvian, Russian",DATA EXPIRED,Female,Yes,Yes
607568c4d940e99998b4361e,60478fcd2273e100094c6ea2,APPROVED,47:52.6,00:51.0,778.397,19,29,0,100,30:27.3,2CF81554,Portugal,Portugal,DATA EXPIRED,Other,Portuguese,"English, Portuguese",Portugal,Male,Yes,Yes
607568c7819500c2fa41b976,5f709385125f30669a45a7c7,APPROVED,47:51.3,00:30.8,759.456,21,85,0,100,30:28.7,2CF81554,Portugal,Portugal,DATA EXPIRED,Other,Portuguese,"English, Portuguese",Portugal,Male,Yes,Yes
607568c7f4dd75dbede884bc,5fde67dc2cd5d05f67099ce8,APPROVED,47:51.5,00:12.1,740.627,31,198,1,100,21/04/2021 3:30,2CF81554,United Kingdom,United Kingdom,DATA EXPIRED,DATA EXPIRED,English,"English, Spanish, Welsh",United Kingdom,Female,DATA EXPIRED,Yes
607568c993e2e32afe21a4f2,5d3865fb0975a500013a1190,APPROVED,47:53.8,15:10.7,1636.876,25,240,5,96,30:31.4,NOCODE,Sri Lanka,Poland,Undergraduate degree (BA/BSc/other),Part-Time,English,English,Sri Lanka,Female,Yes,Yes
607568ca971601c750c23b62,5f0e3987a29e3316c86934a8,APPROVED,47:59.2,52:30.0,270.727,24,50,1,100,30:33.4,nocode,Italy,Italy,DATA EXPIRED,Full-Time,Italian,"English, Italian, Spanish",Italy,Female,No,Yes
607568cb457357e913ee5383,5e561031313b1a0eccee96cc,APPROVED,48:15.6,58:02.8,587.179,23,175,1,100,30:34.6,NOCODE,Poland,Poland,Graduate degree (MA/MSc/MPhil/other),Unemployed (and job seeking),Polish,"Polish, English",Poland,Male,Yes,Yes
607568ceebffdf3f0aa2ffe7,603e3568d8a95be3fe743071,APPROVED,53:11.2,05:31.8,740.592,22,106,0,100,30:36.5,NOCODE,Poland,Poland,Undergraduate degree (BA/BSc/other),Full-Time,Polish,"English, German, Polish",Poland,Female,Yes,Yes
607568cf39c051b7810abedc,5c66f284146af300015604c2,APPROVED,47:59.0,00:31.4,752.357,21,176,2,99,30:37.8,2CF81554,Italy,Italy,Undergraduate degree (BA/BSc/other),Other,Italian,"Italian, English",Italy,Male,Yes,Yes
607568da97ab9e78988d3b70,5fc4e84dbefdc5045269cd1f,APPROVED,56:39.8,18:17.3,1297.453,22,75,0,100,30:39.3,2CF81554,Poland,Poland,Undergraduate degree (BA/BSc/other),Unemployed (and job seeking),Polish,"English, Polish",Poland,Male,Yes,Yes
607568df4c1f9bc85e793620,5f01a0893963d02ea1d65d12,APPROVED,49:36.2,05:52.2,975.947,,194,0,100,30:40.8,2CF81554,DATA EXPIRED,DATA EXPIRED,DATA EXPIRED,DATA EXPIRED,DATA EXPIRED,DATA EXPIRED,DATA EXPIRED,DATA EXPIRED,DATA EXPIRED,DATA EXPIRED
607568df6a562463cc167eb7,5e541f4f6567b5423b7808c5,APPROVED,48:15.5,01:15.3,779.718,24,168,0,100,30:42.5,2CF81554,Albania,Greece,Undergraduate degree (BA/BSc/other),"Not in paid work (e.g. homemaker', 'retired or disabled)",Greek,"English, Greek, Albanian",Greece,Male,Yes,Yes
607568dff759bc187d838ed3,5fc0b7cc5c760107e70b80dc,APPROVED,48:15.1,02:32.6,857.447,22,74,2,96,30:44.3,2CF81554,Germany,Germany,Undergraduate degree (BA/BSc/other),DATA EXPIRED,German,"English, German",Germany,Female,DATA EXPIRED,Yes
607568e0336418576b943251,5f0da6848c9769018bb99f27,APPROVED,48:16.7,00:36.1,739.371,31,140,3,99,30:45.5,2CF81554,Italy,Italy,DATA EXPIRED,Full-Time,Italian,"Italian, English",Italy,Male,No,Yes
607568e731fa4cbf55a77291,5f5fb8b24fa1c805957b037b,APPROVED,48:28.7,00:07.1,698.484,22,90,4,96,30:46.9,NOCODE,South Africa,South Africa,Graduate degree (MA/MSc/MPhil/other),Part-Time,English,"Afrikaans, English, German",South Africa,Male,Yes,Yes
607568ef4ff1b8dd4be7a7d6,5f3bef448db265999e0f5adb,APPROVED,49:08.2,52:05.6,177.361,24,181,1,100,30:48.5,NOCODE,United Kingdom,United Kingdom,Undergraduate degree (BA/BSc/other),Full-Time,English,English,United Kingdom,Female,Yes,Yes
607568f58d28b31a15fbaaf0,5ff2ec4fb890b131e5bdce6e,APPROVED,48:37.4,04:46.4,968.967,22,93,0,100,30:49.9,2CF81554,Poland,Poland,Undergraduate degree (BA/BSc/other),Unemployed (and job seeking),Polish,"English, Polish",Poland,Female,Yes,Yes
60756911f6f6afcccce7228b,5eeb45890e955228f86fb0ea,APPROVED,49:05.2,53:32.9,267.727,23,83,1,99,30:51.5,NOCODE,Portugal,Portugal,Graduate degree (MA/MSc/MPhil/other),Part-Time,Portuguese,"English, Portuguese",Portugal,Female,Yes,Yes
607569377e63121bbe594035,5c689deb8654fe00018d5606,APPROVED,49:43.0,55:18.3,335.302,33,585,8,98,30:52.8,NOCODE,United States,Portugal,Undergraduate degree (BA/BSc/other),Full-Time,English,"Spanish, English, Portuguese",United States,Male,Yes,Yes
6075693a2c74acd13b6aaa2b,5eeb8ccf11363a0c145d40c8,APPROVED,49:46.1,02:46.8,780.71,28,92,0,100,30:55.5,2CF81554,Poland,Poland,DATA EXPIRED,DATA EXPIRED,Polish,"English, Polish",Poland,Male,DATA EXPIRED,Yes
6075693eedf7eec6bcf04207,57a7a0e26475d400015abe19,APPROVED,49:50.5,52:59.2,188.669,28,309,4,99,30:56.7,NOCODE,Portugal,Portugal,DATA EXPIRED,Unemployed (and job seeking),Portuguese,"Portuguese, English",Portugal,Female,No,Yes
607569432bd10726aedd22d8,5d544ce3be713b0001841f1e,APPROVED,49:57.2,16:34.2,1597.057,32,379,2,100,30:58.7,2CF81554,Ireland,United Kingdom,Graduate degree (MA/MSc/MPhil/other),Full-Time,English,English,Ireland,Female,Yes,Yes
60756958ea4ed1a97c0944d1,5fa458b62713510a43fa06a6,APPROVED,51:50.8,14:57.6,1386.728,27,152,1,100,31:01.0,2CF81554,Egypt,Hungary,Graduate degree (MA/MSc/MPhil/other),Full-Time,Arabic,"Arabic, English, French, German, Hungarian",Egypt,Male,Yes,Yes
60756965e07526a2fa6f503a,53a18b8ffdf99b79ca51df6e,APPROVED,50:34.2,59:37.5,543.227,43,1419,30,97,31:02.4,NOCODE,United Kingdom,United Kingdom,Undergraduate degree (BA/BSc/other),Full-Time,English,"English, French, German",United Kingdom,Female,Yes,Yes
6075696d8ff4ba9db84511b0,5d5a7d896c04b2001a1edff8,APPROVED,50:55.0,01:25.0,629.933,24,209,1,100,31:08.1,2CF81554,Spain,Spain,DATA EXPIRED,Unemployed (and job seeking),Spanish,"English, Spanish",Spain,Female,No,Yes
6075696e6507d7a629ae8a09,5e9da98c2023990ae094caed,APPROVED,50:38.6,54:29.7,231.161,22,125,1,100,31:09.8,NOCODE,Portugal,Portugal,Graduate degree (MA/MSc/MPhil/other),Unemployed (and job seeking),Portuguese,"English, Portuguese, Spanish",Portugal,Male,Yes,Yes
60756973393e09d48ac97737,5fed369fe5e631f8d8204718,APPROVED,56:03.5,02:58.7,415.213,31,78,1,100,31:11.2,NOCODE,Ireland,Ireland,Graduate degree (MA/MSc/MPhil/other),Full-Time,English,English,Ireland,Female,Yes,Yes
607569778511259e7b3e7386,5ea96851a879f0059741c4cb,APPROVED,50:47.3,01:37.1,649.833,20,116,3,96,31:12.7,2CF81554,Portugal,Portugal,Graduate degree (MA/MSc/MPhil/other),Full-Time,Portuguese,"Portuguese, English, Spanish",Portugal,Female,Yes,Yes
6075697a1290f97f25438d18,5d4bf2e45a6cb10001687052,APPROVED,50:50.7,03:52.7,782.021,24,187,2,99,31:14.0,2CF81554,Italy,Italy,Graduate degree (MA/MSc/MPhil/other),Other,Italian,"English, Italian",Italy,Male,Yes,Yes
6075698b098df0fed13aae17,5f29eff59714081a3594a331,APPROVED,51:14.2,06:00.7,886.529,34,214,3,98,31:15.8,2CF81554,New Zealand,New Zealand,DATA EXPIRED,DATA EXPIRED,English,"English, Malay",New Zealand,Male,DATA EXPIRED,Yes
607569b98824fdaf69a50015,5fd7e6867541e70e97f48ce0,APPROVED,51:53.0,10:43.2,1130.218,21,42,1,100,31:17.4,2CF81554,Portugal,Portugal,High school diploma/A-levels,Unemployed (and job seeking),Portuguese,"Portuguese, English",Portugal,Male,Yes,Yes
607569be70b405461506edcd,5f27f132abac120008f5fdc5,APPROVED,59:47.5,22:59.7,1392.179,27,134,0,100,31:18.5,2CF81554,Slovakia,United Kingdom,DATA EXPIRED,Part-Time,Slovak,"Czech, English, Slovak",Slovakia,Female,No,Yes
607569c769bc8ab3f7433122,5bfd5b4806c0910001be2fb2,APPROVED,52:27.0,14:28.4,1321.443,22,198,0,100,31:20.2,2CF81554,United Kingdom,United Kingdom,DATA EXPIRED,DATA EXPIRED,English,English,United Kingdom,Female,DATA EXPIRED,Yes
607569ce0ddbf5d0645b6b6d,5c9a6fe20c7ace0001efa406,APPROVED,52:20.2,56:37.8,257.574,53,349,6,97,31:21.7,NOCODE,United Kingdom,United Kingdom,DATA EXPIRED,DATA EXPIRED,English,English,United Kingdom,Female,DATA EXPIRED,Yes
607569e3823bbf69832c84de,5fb92279d753c635c19d0eb6,APPROVED,53:21.8,04:45.7,683.879,22,93,0,100,31:24.1,2CF81554,South Africa,South Africa,Graduate degree (MA/MSc/MPhil/other),Unemployed (and job seeking),English,"Afrikaans, English",South Africa,Female,Yes,Yes
607569e5cae1cd62c3f04c31,5730f0a7dd6617000ed945c9,APPROVED,52:37.9,10:46.8,1088.953,26,272,1,100,31:25.3,2CF81554,Estonia,Estonia,Undergraduate degree (BA/BSc/other),"Not in paid work (e.g. homemaker', 'retired or disabled)",Estonian,"English, Russian, Estonian",Estonia,Female,Yes,Yes
607569ea833826ef37f740b1,5fe9be56e66d7f8fe840a5b7,APPROVED,52:42.7,06:03.6,800.942,21,62,0,100,31:27.2,2CF81554,Hungary,Hungary,Undergraduate degree (BA/BSc/other),Unemployed (and job seeking),Hungarian,"English, Hungarian",Hungary,Male,Yes,Yes
607569f5e0c1cecb307a21f0,5e03d667783225eb127c4541,APPROVED,52:53.3,24:28.4,1895.025,20,228,6,98,31:28.7,2CF81554,Portugal,Portugal,Undergraduate degree (BA/BSc/other),Other,Portuguese,"English, Portuguese",Portugal,Male,Yes,Yes
607569f6758f851ef0597e39,5c73a7da7019c80001f36be9,APPROVED,52:54.6,58:58.3,363.636,38,371,5,98,31:30.6,NOCODE,Estonia,Estonia,Undergraduate degree (BA/BSc/other),Full-Time,Estonian,"English, Estonian",Estonia,Male,Yes,Yes
60756a0111796bf9fa403b30,5e84853a74d86c00090e2800,APPROVED,53:05.6,06:59.9,834.264,23,93,1,99,31:33.1,2CF81554,France,France,Graduate degree (MA/MSc/MPhil/other),Unemployed (and job seeking),French,"English, French, German",France,Male,Yes,Yes
60756a06883a801e72791994,5eea532620cb9a0b7aa2ce9c,APPROVED,53:10.6,56:02.5,171.876,19,154,1,99,31:34.5,NOCODE,Portugal,Portugal,Technical/community college,Part-Time,Portuguese,"English, Portuguese",Portugal,Female,Yes,Yes
60756a0afaedbce7edd529a9,601807b4270fe9ae31196eaa,APPROVED,53:14.9,04:54.0,699.135,21,41,0,100,31:36.1,2CF81554,Latvia,Latvia,Undergraduate degree (BA/BSc/other),Other,Russian,"Latvian, Russian, English",Latvia,Male,Yes,Yes
60756a0f62df38d499ac5d50,60375c82732509913e5f1014,APPROVED,53:31.3,07:07.8,816.492,19,40,0,100,31:37.6,2CF81554,Portugal,Portugal,Undergraduate degree (BA/BSc/other),Other,Portuguese,"Portuguese, English",Portugal,Female,Yes,Yes
60756a27880fc0d356a7b62e,5f76745f8a6ec011f822e08a,APPROVED,53:43.1,22:35.0,1731.991,22,75,1,100,31:38.9,NOCODE,Portugal,Portugal,DATA EXPIRED,DATA EXPIRED,Portuguese,"English, Portuguese",Portugal,Male,DATA EXPIRED,Yes
60756a3ac7e5df13da37e845,6016e6786baaae8c2788accc,APPROVED,55:15.7,57:52.8,157.105,22,24,1,99,31:40.4,NOCODE,Italy,Italy,Undergraduate degree (BA/BSc/other),Other,Italian,"English, French, Italian",Italy,Female,Yes,Yes
60756a4ad72f41eda5e9e64f,5f5cd7b72700564ea2595028,APPROVED,54:18.2,05:03.2,645.022,20,92,1,100,31:41.6,2CF81554,United Kingdom,Portugal,Undergraduate degree (BA/BSc/other),Part-Time,Portuguese,"English, Italian, Portuguese, Spanish",United Kingdom,Female,Yes,Yes
60756a57457357e913ee5389,6026f1c19366fc4778bfd055,APPROVED,54:33.4,08:29.0,835.519,19,44,0,100,31:42.8,2CF81554,Portugal,Portugal,Undergraduate degree (BA/BSc/other),Other,Portuguese,"English, Portuguese",Portugal,Male,Yes,Yes
60756a6661e5e825d84c9135,5f9197367349ae010649ca35,APPROVED,54:46.1,05:14.4,628.233,35,101,0,100,31:44.2,2CF81554,Brazil,Italy,Undergraduate degree (BA/BSc/other),Unemployed (and job seeking),Portuguese,"Portuguese, Italian, English",Brazil,Male,Yes,Yes
60756a68a4067a45fcd855d2,603e2602fe7ac7e00b64b2e2,APPROVED,54:48.8,15:49.9,1261.104,23,46,0,100,31:45.3,2CF81554,Poland,Poland,Undergraduate degree (BA/BSc/other),Unemployed (and job seeking),Polish,"English, Polish",Poland,Male,Yes,Yes
60756a6961ece72ad257b988,5f997986843667054b8851a4,APPROVED,54:49.5,03:55.3,545.812,19,93,1,100,31:46.4,2CF81554,Portugal,Portugal,Undergraduate degree (BA/BSc/other),Other,Portuguese,"English, Portuguese, Spanish",Portugal,Male,Yes,Yes
60756a78826c1cddbde5b0ed,5f1eb35f12e4af0196a01408,APPROVED,55:11.5,06:21.3,669.856,25,122,1,100,31:47.7,2CF81554,Malaysia,France,Graduate degree (MA/MSc/MPhil/other),Unemployed (and job seeking),DATA EXPIRED,"English, French, Malay",Malaysia,Male,Yes,Yes
60756a899d9d92237b1cc680,5fa95cb2215d7c0ae4538369,APPROVED,55:28.7,07:46.2,737.531,24,59,1,100,31:49.1,2CF81554,Poland,Poland,Undergraduate degree (BA/BSc/other),DATA EXPIRED,Polish,"English, Polish",Poland,Female,DATA EXPIRED,Yes
60756a9df83d53cd3f1db6d6,5ec79d5d4f89b82002134fe1,APPROVED,55:41.6,24:22.5,1720.951,22,158,1,100,31:50.4,2CF81554,Portugal,Portugal,Graduate degree (MA/MSc/MPhil/other),Unemployed (and job seeking),Portuguese,"English, Portuguese",Portugal,Male,Yes,Yes
60756ac21bd984d992dd7985,5ea33561733b422a64748998,APPROVED,56:18.9,07:56.1,697.275,19,161,0,100,31:52.0,2CF81554,Portugal,Portugal,Graduate degree (MA/MSc/MPhil/other),Other,Portuguese,"English, Portuguese, Spanish",Portugal,Male,Yes,Yes
60756ac897f1ffb04132c741,603d320d1bb75fb6f6c2942c,APPROVED,56:39.7,06:17.1,577.39,22,22,2,96,31:53.5,NOCODE,Portugal,Portugal,High school diploma/A-levels,Unemployed (and job seeking),Portuguese,"English, Portuguese",Portugal,Female,Yes,Yes
60756ad76fb4eeaee4fc5f7c,5ef8e6096ef89164312d5a76,APPROVED,56:55.8,00:08.9,193.109,21,116,1,99,31:54.8,NOCODE,Spain,Spain,Graduate degree (MA/MSc/MPhil/other),Unemployed (and job seeking),Spanish,"English, Galician, Spanish",Spain,Male,Yes,Yes
60756af46742a7b52cd0cca8,6038edc05fc5993376527b9a,APPROVED,01:06.6,09:21.1,494.513,21,60,0,100,31:56.2,NOCODE,South Africa,South Africa,Undergraduate degree (BA/BSc/other),Unemployed (and job seeking),English,English,South Africa,Female,Yes,Yes
60756af668cff3c7d7d7c773,5eeb78fa8931bf2d402dae9e,APPROVED,57:10.8,18:31.7,1280.892,20,98,0,100,31:57.4,2CF81554,Portugal,Portugal,Technical/community college,Other,Portuguese,"English, Portuguese",Portugal,Female,Yes,Yes
60756b16f759bc187d838ee8,5eef63da89d2a223b755ee8e,APPROVED,58:05.8,13:31.6,925.8,24,111,0,100,31:59.0,2CF81554,Italy,Italy,Graduate degree (MA/MSc/MPhil/other),Other,Italian,"Italian, English",Italy,Female,Yes,Yes
60756b30f230af9b6eb39205,5fe3bc4ae5e6310c82d7ded0,APPROVED,58:08.1,15:22.5,1034.419,22,79,0,100,32:00.4,2CF81554,Italy,Italy,Graduate degree (MA/MSc/MPhil/other),DATA EXPIRED,Italian,"Italian, English",Italy,Male,Yes,Yes
60756b3839b8dada26f537a8,5ed14691e983f5067842fd20,APPROVED,58:16.9,09:46.7,689.861,22,179,0,100,32:01.7,2CF81554,Portugal,Portugal,Graduate degree (MA/MSc/MPhil/other),Other,Portuguese,"Portuguese, English",Portugal,Female,Yes,Yes
60756b56647322515d97dd85,5f0c7f7b76b70d6117b0d81e,APPROVED,58:46.9,03:10.1,263.25,23,132,1,100,32:03.4,NOCODE,Portugal,Portugal,DATA EXPIRED,DATA EXPIRED,Portuguese,"Portuguese, English",Portugal,Male,Yes,Yes
60756b77e51d1883d2eb03c5,6037f40ff21b730b4c2eb9d8,APPROVED,02:09.5,13:21.9,672.398,19,39,1,100,32:04.9,NOCODE,Poland,Poland,DATA EXPIRED,Unemployed (and job seeking),Polish,"Polish, English",Poland,Male,Yes,Yes
60756b8f7e63121bbe594050,5e85fb52694b68049c112544,APPROVED,59:43.5,12:23.3,759.802,20,149,0,100,32:06.2,2CF81554,Portugal,Portugal,Graduate degree (MA/MSc/MPhil/other),Full-Time,Portuguese,English,Portugal,Male,Yes,Yes
60756ba87181e914c103c9af,5fe4d301eed16d29cd007939,APPROVED,00:08.6,15:18.9,910.326,24,133,0,100,32:07.7,2CF81554,United Kingdom,United Kingdom,Undergraduate degree (BA/BSc/other),DATA EXPIRED,English,"English, French",United Kingdom,Male,Yes,Yes
60756bc6936a00e035226c01,6033e8a326522710a9902877,APPROVED,00:38.8,04:14.2,215.426,20,42,2,98,32:09.0,NOCODE,Portugal,Portugal,Undergraduate degree (BA/BSc/other),Other,Portuguese,"English, Portuguese, French",Portugal,Female,Yes,Yes
60756c61336418576b94327f,5eb6f85c1c54b4067b4ba65d,APPROVED,03:13.6,17:19.3,845.736,20,173,1,100,32:10.4,2CF81554,Poland,Poland,Graduate degree (MA/MSc/MPhil/other),Full-Time,Polish,"English, Polish",Poland,Female,Yes,Yes
60756c8d4c1f9bc85e793638,5ddd2275946f7cc8b0efb547,APPROVED,09:08.3,21:56.1,767.775,22,214,4,98,32:12.0,NOCODE,Greece,Greece,Undergraduate degree (BA/BSc/other),Part-Time,Greek,"English, Greek",Greece,Female,Yes,Yes
60756cac84357e4404ebf9ab,5e9cd82ac516bb0d35e8edd7,APPROVED,04:28.7,15:12.9,644.161,26,169,2,100,32:13.7,2CF81554,Italy,Spain,Graduate degree (MA/MSc/MPhil/other),Other,Italian,"English, French, Italian, Spanish",Italy,Male,Yes,Yes
60756cdf0bdb1c33c4633896,5dfb75507caa1e89ad5df828,APPROVED,05:19.6,20:46.0,926.358,25,199,1,100,32:15.6,NOCODE,Portugal,Portugal,Graduate degree (MA/MSc/MPhil/other),Full-Time,Portuguese,"Portuguese, Spanish, English",Portugal,Male,Yes,Yes
60756d08e38fb0133fafac93,5e1f89ff831a07000c456f3e,APPROVED,06:00.3,18:42.3,762.024,24,216,3,99,32:17.1,2CF81554,Belgium,Belgium,Technical/community college,Other,Dutch,"Dutch, English",Belgium,Male,Yes,Yes
60756d3596a5b7ec6dc10213,5ea9143ca6d1a1383e8e7dae,APPROVED,08:22.1,25:18.3,1016.219,28,200,0,100,32:18.9,2CF81554,Nigeria,Japan,Doctorate degree (PhD/other),Part-Time,DATA EXPIRED,"Afrikaans, English",Nigeria,Female,Yes,Yes
60756da5a170edd12c7a6471,5f550672d2fd0a89fe9e064b,APPROVED,08:37.9,12:58.3,260.355,22,101,1,100,32:20.6,NOCODE,Portugal,Portugal,Undergraduate degree (BA/BSc/other),Other,Portuguese,"Portuguese, English",Portugal,Female,Yes,Yes
60756dd3a6ec06a6108b42e5,5eb331bc1f70081249e6fb7a,APPROVED,09:23.9,13:28.9,244.993,46,254,3,97,32:21.9,NOCODE,Ireland,United Kingdom,DATA EXPIRED,Part-Time,English,English,United Kingdom,Female,DATA EXPIRED,Yes
60756dd417e8ea9a07683df2,5d713f0aded45d0001d8c789,APPROVED,09:24.3,13:18.2,233.988,24,20,0,100,32:23.7,NOCODE,Italy,France,Graduate degree (MA/MSc/MPhil/other),Part-Time,Italian,"English, French, Italian",Italy,Female,DATA EXPIRED,Yes
60756e22dd5c6a346128fa2f,604a98e87b5893cf17235637,APPROVED,10:42.3,13:56.6,194.291,18,22,2,94,32:24.8,NOCODE,Portugal,Portugal,Graduate degree (MA/MSc/MPhil/other),Full-Time,Portuguese,"English, Portuguese",Portugal,Male,Yes,Yes
60756e88fa103c9611bf17fd,602d25c3cc46516b77b98c28,APPROVED,12:26.4,20:27.0,480.689,39,67,0,100,32:26.0,NOCODE,United Kingdom,United Kingdom,Undergraduate degree (BA/BSc/other),Other,English,English,United Kingdom,Female,Yes,Yes
60756ea787ba1bb075aec016,5e809adbe290bc770a0f6450,APPROVED,13:00.6,34:54.6,1313.934,22,197,1,100,32:27.5,NOCODE,Poland,Poland,Undergraduate degree (BA/BSc/other),Due to start a new job within the next month,DATA EXPIRED,"English, Polish, Croatian",Poland,Male,Yes,Yes
60756f02b47833356ce23c97,5f858743256d25036d9fa693,APPROVED,14:26.0,28:33.2,847.156,22,104,0,100,32:29.0,2CF81554,Portugal,Portugal,Graduate degree (MA/MSc/MPhil/other),Other,Portuguese,"English, Portuguese, Spanish",Portugal,Female,Yes,Yes
60756f24290ec93ffe9f3dee,600ac30a0e8a51025de63b95,APPROVED,15:00.6,55:33.6,2433.012,53,53,3,97,32:30.5,NOCODE,Portugal,Portugal,Graduate degree (MA/MSc/MPhil/other),Full-Time,Portuguese,"English, French, Portuguese",Portugal,Female,Yes,Yes
60756f45462af46a507320da,5fd8f7c6eedf08333966d8cf,APPROVED,15:33.3,28:33.1,779.813,22,78,0,100,32:31.7,2CF81554,Portugal,Portugal,Doctorate degree (PhD/other),Full-Time,Portuguese,"English, Spanish, Portuguese",Portugal,Female,Yes,Yes
60756f62e49502eb24f69447,5f80341cccd27c01be897e4c,APPROVED,16:02.3,32:38.9,996.559,22,97,2,98,32:32.9,2CF81554,Portugal,Portugal,Graduate degree (MA/MSc/MPhil/other),Other,Portuguese,"English, Portuguese",Portugal,Female,Yes,Yes
60757026a8646bb5631880a9,5fd2a9a00350ea0a3910fd81,APPROVED,19:18.6,31:02.5,703.908,23,77,1,98,32:34.3,2CF81554,Portugal,Portugal,Graduate degree (MA/MSc/MPhil/other),DATA EXPIRED,Portuguese,"English, Portuguese",Portugal,Male,DATA EXPIRED,Yes
6075714818dff545d14d8abf,5ea177f57a3136029bb2aa92,APPROVED,26:35.8,31:44.1,308.321,27,219,2,100,32:35.6,NOCODE,United Kingdom,Italy,Undergraduate degree (BA/BSc/other),Full-Time,DATA EXPIRED,"English, Italian",United Kingdom,Female,DATA EXPIRED,Yes
607571d681e64ebc275bbf22,5d9c2aad1cda3a03034955cb,APPROVED,26:30.2,38:43.9,733.729,20,153,0,100,32:37.1,2CF81554,Vietnam,Belgium,Undergraduate degree (BA/BSc/other),Part-Time,Vietnamese,English,Vietnam,Male,Yes,Yes
60757411d40b71fd21e736fd,5c1b7fbebdb7e80001834945,APPROVED,36:01.1,46:39.9,638.831,27,401,0,100,32:38.8,2CF81554,Italy,Austria,Doctorate degree (PhD/other),Part-Time,German,"German, English",Italy,Male,Yes,Yes
6075745a64df118067eef599,5ed05baa1c075613405e5336,APPROVED,37:14.3,43:41.6,387.36,29,38,1,98,32:41.0,NOCODE,Mexico,Mexico,Doctorate degree (PhD/other),Full-Time,Spanish,"English, Spanish",Mexico,Male,Yes,Yes
607574a4c776e9d751dc6228,5f919274b5383b00096b0295,APPROVED,38:28.5,51:17.6,769.044,28,249,0,100,32:42.0,2CF81554,Turkey,United Kingdom,Doctorate degree (PhD/other),Part-Time,Turkish,"Turkish, English",Turkey,Female,Yes,Yes
6075780d8d97c603bbc5b2b6,60414cf1d3ce030e20fe8679,APPROVED,54:13.0,04:57.0,644.016,26,122,1,100,32:43.9,2CF81554,United States,Israel,DATA EXPIRED,Other,English,"Hebrew, English",United States,Female,Yes,Yes
607578cd176259628eebcc49,5e86207688ac1c2468785acb,APPROVED,56:39.2,04:49.8,490.593,25,86,0,100,32:45.1,NOCODE,Poland,Poland,Undergraduate degree (BA/BSc/other),Unemployed (and job seeking),Polish,"Polish, English",Poland,Female,Yes,Yes
607579d2d77e3c830d7fe9cb,5dde894d83e309df96b835a2,APPROVED,01:16.1,11:06.1,590.074,23,198,0,100,32:46.6,2CF81554,Italy,Italy,Undergraduate degree (BA/BSc/other),Other,Italian,"Italian, English",Italy,Female,Yes,Yes
607579dff3f51a5e134a0d6b,5c8249601a83510001606ecd,APPROVED,00:47.1,04:58.0,250.896,22,197,5,98,32:48.1,NOCODE,Portugal,Portugal,Undergraduate degree (BA/BSc/other),Unemployed (and job seeking),Portuguese,"English, Portuguese",Portugal,Male,Yes,Yes
607579e37efb19e81af57f8b,6037715cff4aec926b72fc25,APPROVED,00:55.5,14:21.2,805.696,21,79,0,100,32:49.5,2CF81554,Netherlands,Netherlands,Undergraduate degree (BA/BSc/other),Part-Time,Dutch,"English, Dutch",Netherlands,Female,Yes,Yes
60757b31ecd47293fd2383da,5fbff7dacc12be3fa78120dc,APPROVED,06:25.7,41:44.2,2118.453,23,67,0,100,32:51.0,2CF81554,Hungary,Hungary,Graduate degree (MA/MSc/MPhil/other),Due to start a new job within the next month,Hungarian,"Hungarian, English",Hungary,Female,Yes,Yes
60757b4b601a4082390a93fb,5d36f9692fd5a4001ae5929f,APPROVED,06:58.8,19:41.7,762.808,23,214,0,100,32:52.2,2CF81554,Brazil,Portugal,Graduate degree (MA/MSc/MPhil/other),Other,Portuguese,"English, Portuguese",Portugal,Female,Yes,Yes
60757b4dd0021d7cd36b5a7c,5f15c0871935dd0a17960e6c,APPROVED,06:53.0,20:33.1,820.114,21,98,0,100,32:53.8,2CF81554,Poland,Poland,Undergraduate degree (BA/BSc/other),Part-Time,Polish,"English, Polish, German",Poland,Male,Yes,Yes
60757bd236a960b4085c094d,603472435125242c6d87b78e,APPROVED,09:06.7,20:11.5,664.776,22,39,2,96,32:55.3,2CF81554,Portugal,Portugal,DATA EXPIRED,Full-Time,Portuguese,"English, Portuguese",Portugal,Male,Yes,Yes
60757d390a73e50229a09061,6014312c13e64f13d458772d,APPROVED,15:05.1,27:45.7,760.565,20,92,0,100,32:56.4,2CF81554,Portugal,Portugal,Undergraduate degree (BA/BSc/other),Other,Portuguese,"Portuguese, English",Portugal,Male,Yes,Yes
60757d3ff31079ecd4cd9af0,5fd96b1bcffb0b4807be2ed6,APPROVED,15:12.8,17:49.5,156.683,27,71,0,100,32:57.6,NOCODE,Korea,Germany,DATA EXPIRED,DATA EXPIRED,Korean,"English, German, Korean",Korea,Female,DATA EXPIRED,Yes
60757d5200b386006ab5eabd,601d727d65282d0dda881dcf,APPROVED,15:29.9,21:23.1,353.183,19,46,1,99,32:59.0,NOCODE,Portugal,Portugal,High school diploma/A-levels,Other,Portuguese,"English, Portuguese",Portugal,Female,Yes,Yes
60757e6e360414e633e47e5a,6040c71bd230c10008365474,APPROVED,20:40.8,30:06.9,566.059,23,47,3,95,33:00.2,NOCODE,Germany,Germany,Undergraduate degree (BA/BSc/other),Full-Time,German,"English, German, Dutch",Germany,Male,Yes,Yes
6075845e145c8b87eff5595a,5ecd58ae6e0450095eac0c88,APPROVED,46:26.8,58:18.8,712.008,21,195,0,100,33:01.5,2CF81554,Kuwait,United Kingdom,Undergraduate degree (BA/BSc/other),DATA EXPIRED,Farsi,"Arabic, English, Farsi",Afghanistan,Female,Yes,Yes
60759241bd1d1fb0cb889eaf,5eceef5fa487421604c337ba,APPROVED,44:49.6,58:47.3,837.704,23,317,1,100,33:03.1,2CF81554,Greece,Greece,Undergraduate degree (BA/BSc/other),Full-Time,Greek,"English, French, German, Greek, Spanish",Greece,Male,Yes,Yes
